packet_size,request_rate,source_ip,destination_ip,protocol_type,label
198,794.5857526293009,132.13.131.7,192.168.1.1,TCP,1
738,6.36825867265681,167.77.60.70,192.168.1.1,UDP,0
995,0.6681171928474681,177.121.43.137,192.168.1.1,UDP,0
302,697.5826548327618,50.175.28.48,192.168.1.1,TCP,1
636,263.79210868447035,213.187.178.8,192.168.1.1,TCP,1
888,7.077117164871384,85.50.140.148,192.168.1.1,UDP,0
749,6.917736510446868,172.207.14.110,192.168.1.1,TCP,0
1162,9.017060209088594,63.147.225.115,192.168.1.1,UDP,0
70,4.31065976620291,233.21.141.133,192.168.1.1,TCP,0
1077,3.158743735938526,180.6.40.88,192.168.1.1,UDP,0
141,5.990114483322235,173.88.19.157,192.168.1.1,UDP,0
1420,9.562808530295685,123.20.220.216,192.168.1.1,ICMP,0
1486,835.2601562064592,167.103.46.10,192.168.1.1,TCP,1
962,8.069702255545865,171.216.199.56,192.168.1.1,TCP,0
1330,6.543204424984136,35.202.130.79,192.168.1.1,ICMP,0
673,9.7333642135535,72.176.177.90,192.168.1.1,ICMP,0
542,3.0246941083684433,140.19.99.103,192.168.1.1,TCP,0
241,7.227342283307198,227.99.176.249,192.168.1.1,UDP,0
1057,0.1753483818526667,15.72.182.191,192.168.1.1,TCP,0
363,3.6165577986815167,119.15.3.221,192.168.1.1,ICMP,0
1183,9.932267584967567,182.214.198.48,192.168.1.1,TCP,0
1415,385.65286804139674,29.39.87.4,192.168.1.1,TCP,1
139,1.011077235324706,207.207.231.2,192.168.1.1,TCP,0
401,9.864196537535266,114.193.1.186,192.168.1.1,UDP,0
1193,0.6904268591701056,123.66.96.211,192.168.1.1,UDP,0
987,2.2207924678707327,52.242.40.137,192.168.1.1,ICMP,0
788,5.824601558729779,52.239.27.157,192.168.1.1,TCP,0
94,4.083038559895557,91.62.111.251,192.168.1.1,TCP,0
1085,3.7259034494934644,169.113.91.30,192.168.1.1,ICMP,0
1302,415.8351726938996,133.226.73.4,192.168.1.1,TCP,1
648,6.874970265781959,244.144.64.123,192.168.1.1,TCP,0
974,6.999163263850401,102.222.66.72,192.168.1.1,TCP,0
1172,290.74138073647083,59.86.101.50,192.168.1.1,TCP,1
1107,921.9431342521657,66.153.221.41,192.168.1.1,TCP,1
100,882.1288117937871,102.51.143.38,192.168.1.1,TCP,1
519,675.8820960851276,55.79.196.42,192.168.1.1,TCP,1
1218,2.2465238475345872,37.220.62.246,192.168.1.1,ICMP,0
78,511.33689101716067,199.127.179.5,192.168.1.1,TCP,1
1082,6.8085009458949335,8.19.251.243,192.168.1.1,TCP,0
452,7.348751571571224,46.109.49.169,192.168.1.1,UDP,0
1473,8.672346324788045,142.194.99.14,192.168.1.1,TCP,0
292,9.174528427759949,126.174.178.158,192.168.1.1,ICMP,0
1065,3.6514209696646995,168.97.36.117,192.168.1.1,UDP,0
214,2.5891682081658547,228.39.194.58,192.168.1.1,TCP,0
1057,7.163229126832111,26.64.178.90,192.168.1.1,TCP,0
1460,7.4499195867660575,203.10.77.193,192.168.1.1,ICMP,0
213,8.765087092266986,249.132.168.176,192.168.1.1,UDP,0
853,1.1558423292103117,107.151.231.218,192.168.1.1,TCP,0
1465,5.403060729500636,128.127.72.237,192.168.1.1,TCP,0
676,806.7930693219189,11.193.53.13,192.168.1.1,TCP,1
344,9.197787959294775,163.138.181.69,192.168.1.1,UDP,0
888,6.481924171120965,25.112.182.215,192.168.1.1,UDP,0
600,4.668826247989952,122.190.6.175,192.168.1.1,TCP,0
1270,217.76345849456482,182.39.34.34,192.168.1.1,TCP,1
1067,7.784391179131301,85.197.95.158,192.168.1.1,TCP,0
617,1.1969298890036653,101.229.244.84,192.168.1.1,TCP,0
483,543.3616268060798,23.224.57.14,192.168.1.1,TCP,1
1464,321.7378552713031,86.146.33.37,192.168.1.1,TCP,1
1395,2.655382282031564,171.89.72.177,192.168.1.1,TCP,0
170,4.146725445182381,211.124.214.80,192.168.1.1,ICMP,0
1406,3.615183902364071,242.41.106.190,192.168.1.1,ICMP,0
341,4.871258617243183,100.193.226.202,192.168.1.1,UDP,0
1108,7.145623182216984,149.75.124.54,192.168.1.1,TCP,0
125,5.584244571429765,150.100.244.115,192.168.1.1,UDP,0
162,6.060117971040081,5.244.232.232,192.168.1.1,ICMP,0
801,8.244143779713525,25.102.186.151,192.168.1.1,UDP,0
1405,5.405004297212481,16.172.80.204,192.168.1.1,ICMP,0
184,987.6369206470811,103.77.73.26,192.168.1.1,TCP,1
733,5.480117574362521,15.174.144.196,192.168.1.1,UDP,0
1475,4.591574955022557,45.195.131.62,192.168.1.1,ICMP,0
83,8.038798827773851,140.252.185.86,192.168.1.1,UDP,0
1328,5.062221636086256,248.39.145.44,192.168.1.1,UDP,0
1356,7.336788344555817,34.235.80.239,192.168.1.1,TCP,0
914,7.443878591655553,55.98.131.76,192.168.1.1,ICMP,0
1364,9.524419525058978,106.177.232.151,192.168.1.1,TCP,0
551,9.62850561441757,245.186.161.24,192.168.1.1,ICMP,0
169,8.86793998335264,205.189.250.128,192.168.1.1,TCP,0
1493,5.488965207756482,27.207.39.49,192.168.1.1,UDP,0
1054,140.15038524161946,125.140.149.32,192.168.1.1,TCP,1
1005,3.916867285337057,145.94.118.106,192.168.1.1,ICMP,0
1237,5.126957442748168,190.230.174.195,192.168.1.1,ICMP,0
823,0.3002054813742444,206.27.125.155,192.168.1.1,ICMP,0
584,240.54644463102068,18.184.11.21,192.168.1.1,TCP,1
886,1.2188715250128606,5.148.221.72,192.168.1.1,UDP,0
214,4.8532628728285125,224.153.2.33,192.168.1.1,UDP,0
139,1.2360149465899866,204.238.246.134,192.168.1.1,ICMP,0
501,8.854467636476828,157.17.142.168,192.168.1.1,ICMP,0
1180,6.934970587725368,198.54.77.49,192.168.1.1,UDP,0
515,4.6317506907215185,155.15.121.231,192.168.1.1,TCP,0
197,2.8715586024513393,94.248.55.68,192.168.1.1,ICMP,0
1205,0.38938091343098713,8.176.94.84,192.168.1.1,ICMP,0
833,506.59546202291756,107.226.94.6,192.168.1.1,TCP,1
542,4.000256880974119,72.34.200.27,192.168.1.1,UDP,0
1149,4.391403922046735,136.229.220.198,192.168.1.1,UDP,0
321,5.21447718055853,90.254.7.75,192.168.1.1,ICMP,0
696,1.8683317852141441,229.156.103.163,192.168.1.1,ICMP,0
302,7.877356172213009,20.169.52.17,192.168.1.1,UDP,0
1304,7.197079972565381,7.125.74.182,192.168.1.1,UDP,0
538,312.65212056085556,64.52.100.16,192.168.1.1,TCP,1
380,1.8943200621771832,239.62.113.83,192.168.1.1,UDP,0
349,9.803111522150063,159.161.138.68,192.168.1.1,UDP,0
1157,9.647255620434558,84.169.28.152,192.168.1.1,ICMP,0
425,3.552237656043418,13.162.190.194,192.168.1.1,TCP,0
554,195.00718161827743,30.180.44.22,192.168.1.1,TCP,1
1111,8.391451246787133,93.199.248.89,192.168.1.1,UDP,0
1494,5.630225584338047,24.146.97.66,192.168.1.1,ICMP,0
447,3.9612452859494147,19.86.156.209,192.168.1.1,TCP,0
707,1.4396084228501496,128.188.253.147,192.168.1.1,TCP,0
599,491.87134995339204,240.130.32.11,192.168.1.1,TCP,1
476,214.61612084903635,139.172.45.42,192.168.1.1,TCP,1
1326,2.010908104801365,73.63.91.143,192.168.1.1,UDP,0
275,2.1350969816067766,110.154.174.175,192.168.1.1,UDP,0
1341,9.2515042216621,7.15.73.105,192.168.1.1,ICMP,0
1241,3.326579874213452,175.208.236.176,192.168.1.1,UDP,0
1434,4.327124467263948,57.227.145.116,192.168.1.1,UDP,0
1403,3.795922817232966,217.53.199.93,192.168.1.1,ICMP,0
383,1.6277792084926954,28.8.198.20,192.168.1.1,TCP,0
258,352.1811214041794,8.74.12.23,192.168.1.1,TCP,1
344,9.947625589191235,99.111.246.253,192.168.1.1,ICMP,0
334,7.668062615799334,4.71.66.126,192.168.1.1,ICMP,0
896,591.2647236819299,73.144.185.46,192.168.1.1,TCP,1
1001,499.8498073159064,145.64.42.12,192.168.1.1,TCP,1
932,8.851272002595898,175.50.227.101,192.168.1.1,TCP,0
596,4.305789728645057,159.46.109.221,192.168.1.1,TCP,0
816,4.469819271527215,156.220.230.3,192.168.1.1,ICMP,0
249,117.21127065708738,60.73.217.5,192.168.1.1,TCP,1
823,7.0173775818503685,31.65.110.137,192.168.1.1,UDP,0
1410,435.33617869169603,215.63.189.47,192.168.1.1,TCP,1
1244,8.777973974893152,216.141.198.21,192.168.1.1,ICMP,0
790,7.885505178845281,165.118.204.121,192.168.1.1,ICMP,0
265,7.419205465628766,183.115.184.98,192.168.1.1,UDP,0
855,5.391977480924601,235.43.91.254,192.168.1.1,ICMP,0
447,4.385455238799354,218.141.161.20,192.168.1.1,UDP,0
277,3.7403203713009407,58.177.148.236,192.168.1.1,ICMP,0
358,8.553275773135608,194.51.152.208,192.168.1.1,ICMP,0
813,4.0340639447080955,209.106.22.75,192.168.1.1,UDP,0
1152,4.7409312042119724,121.125.161.3,192.168.1.1,TCP,0
389,2.869846902775773,197.30.52.214,192.168.1.1,UDP,0
668,7.048281507179379,163.107.99.157,192.168.1.1,ICMP,0
672,1.4676711045613327,167.68.131.55,192.168.1.1,UDP,0
755,6.580015100779211,233.141.162.167,192.168.1.1,ICMP,0
299,2.068453574382016,51.22.176.134,192.168.1.1,UDP,0
665,7.550445562125738,209.38.17.92,192.168.1.1,TCP,0
1193,2.9647265661691944,174.92.167.105,192.168.1.1,UDP,0
456,7.395588082380769,82.216.234.147,192.168.1.1,TCP,0
801,1.1798884043194515,250.213.39.68,192.168.1.1,TCP,0
345,7.74645010141367,130.136.97.220,192.168.1.1,ICMP,0
1194,3.310161156720493,84.158.27.207,192.168.1.1,UDP,0
552,7.597007906223733,181.251.97.171,192.168.1.1,UDP,0
1075,2.4248640829268355,183.170.186.90,192.168.1.1,UDP,0
357,920.1274304852407,118.217.1.22,192.168.1.1,TCP,1
1252,155.60340797970477,174.179.153.22,192.168.1.1,TCP,1
1081,3.9172646892299134,175.154.201.203,192.168.1.1,ICMP,0
583,5.6809457226744975,136.56.179.33,192.168.1.1,UDP,0
864,6.19979799740069,227.42.222.216,192.168.1.1,TCP,0
1167,8.52898757030698,16.192.140.148,192.168.1.1,UDP,0
1104,9.689204965816279,241.87.102.137,192.168.1.1,ICMP,0
522,5.179455970464492,100.56.23.96,192.168.1.1,TCP,0
908,8.731074367490464,10.24.118.126,192.168.1.1,TCP,0
1276,8.370888484902686,71.20.95.213,192.168.1.1,ICMP,0
894,273.3854575101701,2.117.60.35,192.168.1.1,TCP,1
587,230.21492478948065,36.124.90.1,192.168.1.1,TCP,1
1330,6.5648393903402145,70.119.57.63,192.168.1.1,ICMP,0
326,1.6905398355788033,214.20.113.126,192.168.1.1,ICMP,0
921,5.714756429554406,172.232.171.86,192.168.1.1,UDP,0
860,1.9692775489980838,251.181.158.22,192.168.1.1,ICMP,0
1114,1.1965717733533883,208.142.14.44,192.168.1.1,ICMP,0
424,3.5948062611294733,136.120.111.127,192.168.1.1,UDP,0
367,602.6454763195621,176.52.116.44,192.168.1.1,TCP,1
978,4.096918837370794,154.193.188.250,192.168.1.1,ICMP,0
277,1.0769484003274794,119.148.234.241,192.168.1.1,UDP,0
964,8.86827316275191,219.182.91.68,192.168.1.1,UDP,0
607,7.090117512409782,188.179.222.190,192.168.1.1,ICMP,0
311,4.326274830463461,107.171.242.246,192.168.1.1,UDP,0
734,9.834983469647899,88.2.12.140,192.168.1.1,UDP,0
305,7.879003698974475,185.8.112.137,192.168.1.1,TCP,0
1240,6.435864498534033,183.245.153.53,192.168.1.1,UDP,0
1496,7.318715157045621,128.245.49.112,192.168.1.1,TCP,0
129,777.9018405234989,71.112.214.9,192.168.1.1,TCP,1
1331,7.144100803983185,86.37.145.81,192.168.1.1,ICMP,0
482,2.131497191348328,107.29.5.230,192.168.1.1,ICMP,0
771,6.657983786895958,64.236.224.61,192.168.1.1,TCP,0
1074,3.4803685861144844,141.83.231.212,192.168.1.1,ICMP,0
326,179.34453707591467,21.144.75.22,192.168.1.1,TCP,1
65,4.595726409213159,59.3.197.10,192.168.1.1,ICMP,0
753,6.670152126674968,254.253.105.83,192.168.1.1,UDP,0
1122,0.17560669749073626,75.169.170.10,192.168.1.1,ICMP,0
947,3.8679252520967413,141.252.214.176,192.168.1.1,ICMP,0
999,2.685159945224954,182.42.12.181,192.168.1.1,TCP,0
686,3.779181462088505,126.82.9.72,192.168.1.1,TCP,0
349,2.200065047618923,216.30.76.111,192.168.1.1,TCP,0
1329,8.635305908870206,14.254.176.15,192.168.1.1,UDP,0
1481,144.16892804259365,30.111.206.33,192.168.1.1,TCP,1
1209,2.8742210938719306,247.43.193.231,192.168.1.1,TCP,0
377,1.0624260077497885,39.218.213.27,192.168.1.1,ICMP,0
903,5.000939078307096,193.249.186.9,192.168.1.1,ICMP,0
452,623.4502338087802,82.87.245.50,192.168.1.1,TCP,1
91,673.0858557897899,23.243.93.17,192.168.1.1,TCP,1
1453,9.946308507758385,73.97.215.42,192.168.1.1,ICMP,0
1219,9.445515859641654,166.203.90.92,192.168.1.1,ICMP,0
576,6.475632710205028,175.254.109.176,192.168.1.1,ICMP,0
660,4.496024716914355,145.77.175.141,192.168.1.1,ICMP,0
1127,4.554053100926043,204.181.255.78,192.168.1.1,UDP,0
118,547.1206907368685,43.126.59.29,192.168.1.1,TCP,1
441,8.28133221894719,167.245.13.135,192.168.1.1,TCP,0
692,7.828857634687007,24.128.179.67,192.168.1.1,TCP,0
1365,9.138453481398532,152.35.54.228,192.168.1.1,TCP,0
519,2.8043834900167672,255.254.189.248,192.168.1.1,ICMP,0
646,5.309688376524449,96.189.228.232,192.168.1.1,TCP,0
1183,3.973811014762476,176.188.117.131,192.168.1.1,UDP,0
424,9.762701561077508,43.216.210.86,192.168.1.1,TCP,0
435,0.47427875212854453,147.121.246.67,192.168.1.1,UDP,0
272,164.9356175316061,194.144.128.30,192.168.1.1,TCP,1
515,3.9102745853204084,83.230.52.97,192.168.1.1,TCP,0
1168,9.946197751683517,118.70.124.207,192.168.1.1,ICMP,0
1343,8.451540334722536,4.237.211.232,192.168.1.1,TCP,0
967,4.243066936713177,160.119.78.151,192.168.1.1,TCP,0
113,8.309580843760942,11.89.148.229,192.168.1.1,TCP,0
784,7.793357879456847,171.125.216.224,192.168.1.1,TCP,0
1154,1.9243462546198757,99.241.131.6,192.168.1.1,TCP,0
100,1.7969925438310541,204.177.87.115,192.168.1.1,ICMP,0
353,4.94234458024978,238.182.208.112,192.168.1.1,TCP,0
365,7.784700931734984,105.27.104.119,192.168.1.1,ICMP,0
310,2.006651486131495,117.106.244.26,192.168.1.1,ICMP,0
1345,1.016314523921601,13.164.189.200,192.168.1.1,TCP,0
854,897.2664992194941,209.87.255.29,192.168.1.1,TCP,1
1480,425.3573187138097,61.51.189.33,192.168.1.1,TCP,1
743,4.106510432275322,33.226.2.150,192.168.1.1,TCP,0
246,6.498863796115064,124.5.61.31,192.168.1.1,ICMP,0
316,4.4418333122355875,65.196.111.64,192.168.1.1,ICMP,0
1407,8.229695995979984,70.140.104.237,192.168.1.1,ICMP,0
1372,4.176080264312568,18.75.199.188,192.168.1.1,TCP,0
826,4.156342682413703,81.203.12.29,192.168.1.1,TCP,0
1345,6.823669742867445,57.224.189.14,192.168.1.1,TCP,0
1049,5.313851403951589,76.222.19.23,192.168.1.1,TCP,0
740,3.695589006345088,13.224.218.161,192.168.1.1,UDP,0
783,2.23588844319801,90.63.105.204,192.168.1.1,TCP,0
579,7.815259905042071,122.71.100.17,192.168.1.1,UDP,0
189,2.385104029352618,94.46.153.37,192.168.1.1,TCP,0
633,3.7776590008973683,1.23.176.73,192.168.1.1,TCP,0
1270,4.092108554346386,230.173.131.126,192.168.1.1,TCP,0
1122,6.7469365898242035,18.68.152.38,192.168.1.1,UDP,0
762,4.651479728662518,45.89.200.44,192.168.1.1,UDP,0
880,4.376700330393503,232.199.248.54,192.168.1.1,UDP,0
1367,1.3901075673400676,204.114.204.124,192.168.1.1,ICMP,0
263,6.121431480549088,71.133.59.13,192.168.1.1,UDP,0
142,705.3010507072775,15.93.4.17,192.168.1.1,TCP,1
990,416.78219096992484,108.159.54.26,192.168.1.1,TCP,1
1223,9.369799801232606,55.157.252.108,192.168.1.1,UDP,0
928,3.6740308353687263,90.11.118.39,192.168.1.1,TCP,0
399,5.099278634852256,19.18.246.147,192.168.1.1,ICMP,0
74,5.322204767921906,106.92.53.60,192.168.1.1,UDP,0
167,873.0436933130349,28.68.161.15,192.168.1.1,TCP,1
1401,1.3200383445762087,147.211.109.73,192.168.1.1,TCP,0
94,6.4446895881385755,219.137.109.162,192.168.1.1,UDP,0
600,0.3044599500714542,160.246.250.67,192.168.1.1,TCP,0
622,6.549425292036417,195.61.227.5,192.168.1.1,UDP,0
1259,8.473668332056686,16.169.68.130,192.168.1.1,TCP,0
132,464.472362219949,49.32.224.4,192.168.1.1,TCP,1
1220,2.520315059971854,85.4.117.132,192.168.1.1,ICMP,0
1214,4.624086279314525,128.211.34.3,192.168.1.1,UDP,0
244,8.486200507160728,228.231.209.141,192.168.1.1,TCP,0
1469,2.917719849557873,114.106.143.13,192.168.1.1,TCP,0
154,1.613797169507847,75.19.86.9,192.168.1.1,ICMP,0
405,734.0186784349994,92.189.48.20,192.168.1.1,TCP,1
236,7.849222434941549,106.34.170.186,192.168.1.1,ICMP,0
325,6.784594456960819,128.194.221.25,192.168.1.1,ICMP,0
75,0.671251708723106,250.106.204.27,192.168.1.1,TCP,0
274,869.6206004642406,110.81.145.13,192.168.1.1,TCP,1
184,1.8164861731156445,221.186.188.62,192.168.1.1,UDP,0
225,682.9608633804629,85.21.225.14,192.168.1.1,TCP,1
1070,571.531110023898,247.244.11.38,192.168.1.1,TCP,1
421,1.3636679824815254,122.135.160.226,192.168.1.1,ICMP,0
1390,3.0902705391287353,222.210.65.182,192.168.1.1,UDP,0
300,7.117978928896583,147.128.62.97,192.168.1.1,TCP,0
1119,2.8047573602392823,127.9.95.98,192.168.1.1,TCP,0
426,175.76370796554983,244.59.254.39,192.168.1.1,TCP,1
142,5.34108873124834,32.160.236.43,192.168.1.1,TCP,0
274,652.319751115056,240.40.232.37,192.168.1.1,TCP,1
340,4.232790866520025,44.64.98.119,192.168.1.1,ICMP,0
151,971.2783326353111,34.113.47.21,192.168.1.1,TCP,1
1150,4.573432751823355,173.98.172.8,192.168.1.1,ICMP,0
1017,6.644957258252619,220.149.223.160,192.168.1.1,TCP,0
271,0.8381395512083633,47.223.245.53,192.168.1.1,TCP,0
1344,946.4612543105738,47.26.207.9,192.168.1.1,TCP,1
325,5.899130828697711,115.185.130.86,192.168.1.1,ICMP,0
1400,120.16085490596859,2.186.183.41,192.168.1.1,TCP,1
897,3.5322834362665523,252.197.71.101,192.168.1.1,UDP,0
1090,5.833305938487919,38.30.198.159,192.168.1.1,ICMP,0
731,713.0551273956794,124.161.186.7,192.168.1.1,TCP,1
1074,9.449530246541956,67.72.17.232,192.168.1.1,UDP,0
198,2.095935078668734,166.138.216.50,192.168.1.1,ICMP,0
677,5.9113932885691565,133.17.129.131,192.168.1.1,UDP,0
1227,552.2980544528497,88.213.200.6,192.168.1.1,TCP,1
719,445.27444460428813,70.6.234.17,192.168.1.1,TCP,1
647,5.50368121298973,167.46.161.10,192.168.1.1,UDP,0
787,0.8802334908793721,99.208.155.153,192.168.1.1,ICMP,0
129,2.079286231435109,157.198.40.108,192.168.1.1,TCP,0
280,8.32313170463905,188.220.183.165,192.168.1.1,UDP,0
1013,5.3245740034560205,4.58.253.208,192.168.1.1,TCP,0
1465,2.2499965351170235,58.245.243.84,192.168.1.1,TCP,0
1407,5.5801904998531375,75.128.131.50,192.168.1.1,UDP,0
1375,8.602560451471792,86.154.138.56,192.168.1.1,TCP,0
566,778.983097938378,213.234.104.6,192.168.1.1,TCP,1
1461,9.831268781025251,80.29.69.221,192.168.1.1,ICMP,0
1280,0.10711028985107167,87.160.42.127,192.168.1.1,UDP,0
530,0.23394281349086565,162.186.209.197,192.168.1.1,TCP,0
806,5.751511448745739,5.164.137.228,192.168.1.1,UDP,0
1293,8.196237387777108,235.228.114.139,192.168.1.1,UDP,0
874,7.947089850779239,132.228.220.7,192.168.1.1,ICMP,0
233,3.2243513423658574,124.38.113.101,192.168.1.1,ICMP,0
536,2.645528313772525,254.100.47.114,192.168.1.1,ICMP,0
603,411.22773024007495,138.140.132.26,192.168.1.1,TCP,1
213,5.905285078409011,147.196.161.26,192.168.1.1,TCP,0
1159,6.231495342781566,189.254.123.173,192.168.1.1,TCP,0
883,928.3475711682056,178.188.156.16,192.168.1.1,TCP,1
618,0.7393685057032086,17.113.217.195,192.168.1.1,TCP,0
161,7.375330848818547,20.189.101.174,192.168.1.1,ICMP,0
329,0.9422709502764421,123.195.210.230,192.168.1.1,ICMP,0
887,0.5949968759093393,252.215.107.31,192.168.1.1,ICMP,0
636,4.984444362873609,232.186.114.73,192.168.1.1,UDP,0
701,6.06797147466377,54.62.89.74,192.168.1.1,TCP,0
247,426.4141632279996,146.180.220.11,192.168.1.1,TCP,1
216,8.950731069433541,190.126.117.238,192.168.1.1,UDP,0
1324,7.23375867605375,144.55.217.164,192.168.1.1,ICMP,0
322,2.364363752508237,178.244.19.117,192.168.1.1,ICMP,0
1196,6.921993196510158,127.78.124.193,192.168.1.1,UDP,0
897,1.3177794527971267,221.209.248.231,192.168.1.1,ICMP,0
422,7.923872019836864,23.218.174.55,192.168.1.1,ICMP,0
581,9.191257890555438,4.13.106.45,192.168.1.1,UDP,0
1409,9.167414373188548,173.63.205.215,192.168.1.1,TCP,0
1153,833.9716846656981,224.59.170.49,192.168.1.1,TCP,1
399,7.370249750740987,233.88.223.148,192.168.1.1,TCP,0
445,8.782705791764055,161.155.5.66,192.168.1.1,UDP,0
1087,2.248080793393013,169.21.176.120,192.168.1.1,ICMP,0
334,1.200532433684679,110.80.136.212,192.168.1.1,ICMP,0
1068,4.0337487301692425,103.57.122.126,192.168.1.1,ICMP,0
789,3.3256963536047084,97.60.97.91,192.168.1.1,UDP,0
289,8.117925188014068,18.215.138.152,192.168.1.1,TCP,0
387,804.9181526365076,133.240.16.3,192.168.1.1,TCP,1
1398,1.6512034381774778,62.13.254.166,192.168.1.1,TCP,0
482,6.7594182272691,176.241.140.136,192.168.1.1,ICMP,0
564,1.629293222911849,31.244.116.217,192.168.1.1,TCP,0
454,2.785433400893445,113.103.233.206,192.168.1.1,ICMP,0
858,1.3011932370988453,65.9.180.153,192.168.1.1,UDP,0
370,294.009943807564,118.120.64.40,192.168.1.1,TCP,1
1273,8.455104469786857,144.70.244.180,192.168.1.1,TCP,0
474,9.800641876986788,169.23.52.158,192.168.1.1,UDP,0
1194,8.839193548439768,170.228.173.170,192.168.1.1,ICMP,0
806,6.459755708521871,195.210.107.151,192.168.1.1,UDP,0
1052,2.59037592245451,75.201.8.181,192.168.1.1,UDP,0
823,5.8341031555066545,238.118.181.23,192.168.1.1,ICMP,0
837,7.608908188209302,71.57.210.148,192.168.1.1,TCP,0
1051,2.6653622857046653,29.110.153.7,192.168.1.1,UDP,0
106,4.432646678329014,146.160.215.183,192.168.1.1,ICMP,0
580,624.5030441785111,89.193.117.19,192.168.1.1,TCP,1
457,7.777942346428321,216.161.125.47,192.168.1.1,ICMP,0
963,9.834180256060739,213.40.219.77,192.168.1.1,ICMP,0
1336,7.390835348878651,201.254.6.182,192.168.1.1,TCP,0
903,9.941222484030584,42.56.122.240,192.168.1.1,ICMP,0
384,423.5996450333339,133.36.91.49,192.168.1.1,TCP,1
650,7.289005197167742,182.230.7.45,192.168.1.1,TCP,0
1038,0.8606099597354149,38.206.217.208,192.168.1.1,TCP,0
1046,878.2031602454543,182.148.11.40,192.168.1.1,TCP,1
983,222.53757700127505,36.35.81.26,192.168.1.1,TCP,1
410,1.0500238864478881,230.149.80.183,192.168.1.1,ICMP,0
1327,1.1960577561135373,101.189.2.233,192.168.1.1,TCP,0
347,3.429194871631739,30.10.162.181,192.168.1.1,UDP,0
495,2.1574492520667645,241.11.35.134,192.168.1.1,TCP,0
431,9.922415530414883,116.75.46.147,192.168.1.1,TCP,0
907,4.232136376126741,172.170.141.137,192.168.1.1,TCP,0
1129,9.644475430996785,180.39.248.159,192.168.1.1,ICMP,0
1172,2.9153830964343697,246.65.17.191,192.168.1.1,ICMP,0
1004,1.0200751665116938,126.87.33.242,192.168.1.1,TCP,0
877,2.4298946983179652,157.162.63.16,192.168.1.1,TCP,0
302,7.396089731293681,237.32.43.5,192.168.1.1,TCP,0
222,6.438941089268483,2.51.77.116,192.168.1.1,ICMP,0
91,7.627551117954044,56.213.150.123,192.168.1.1,UDP,0
1185,8.252163264534802,94.145.164.46,192.168.1.1,ICMP,0
1423,485.3752838872431,57.205.59.27,192.168.1.1,TCP,1
299,2.838303451142159,11.141.248.107,192.168.1.1,ICMP,0
1288,9.063626801089034,138.56.62.179,192.168.1.1,TCP,0
1213,4.321120784157076,56.199.33.27,192.168.1.1,UDP,0
1040,1.121246612117854,153.195.92.60,192.168.1.1,TCP,0
1390,7.719457880286571,54.13.197.81,192.168.1.1,UDP,0
919,3.537238096810989,68.230.247.67,192.168.1.1,UDP,0
1431,9.44501453210561,219.98.176.111,192.168.1.1,UDP,0
601,327.32862089853165,213.170.162.21,192.168.1.1,TCP,1
1410,5.503847403817547,219.200.147.72,192.168.1.1,UDP,0
77,276.3558558904374,173.44.45.44,192.168.1.1,TCP,1
645,1.1480918794874309,56.200.76.235,192.168.1.1,UDP,0
1148,6.604168037442265,77.100.53.19,192.168.1.1,UDP,0
1452,0.4025565441662342,83.125.159.159,192.168.1.1,UDP,0
1135,7.182882822402442,134.182.60.5,192.168.1.1,ICMP,0
1372,1.5318681368931997,23.65.230.151,192.168.1.1,TCP,0
1140,2.2156379619902,183.194.245.250,192.168.1.1,TCP,0
1128,8.814475657876478,129.3.83.115,192.168.1.1,ICMP,0
1417,0.6820117926705759,34.161.140.98,192.168.1.1,TCP,0
1239,4.623267649120052,47.78.247.108,192.168.1.1,TCP,0
972,2.4856131258152097,224.215.196.224,192.168.1.1,TCP,0
459,4.94983257446092,194.144.247.216,192.168.1.1,UDP,0
893,3.3569481044757397,148.207.138.34,192.168.1.1,ICMP,0
196,5.471267999357938,74.232.213.75,192.168.1.1,UDP,0
616,9.731660420297676,65.153.125.63,192.168.1.1,ICMP,0
1060,229.44024757168052,165.18.177.23,192.168.1.1,TCP,1
154,1.1608330634042623,154.47.80.187,192.168.1.1,UDP,0
414,808.2601580577083,183.63.252.23,192.168.1.1,TCP,1
1030,5.5696481499204,246.88.251.169,192.168.1.1,ICMP,0
614,278.44891048375564,86.121.247.30,192.168.1.1,TCP,1
1259,733.5813687277661,188.163.43.14,192.168.1.1,TCP,1
1375,7.69359317008292,194.7.233.215,192.168.1.1,ICMP,0
192,2.835001813205346,182.231.92.126,192.168.1.1,UDP,0
170,2.6939609150693187,1.106.5.185,192.168.1.1,TCP,0
1330,3.4959294428717547,88.170.228.25,192.168.1.1,TCP,0
932,5.046799395455676,196.169.2.62,192.168.1.1,UDP,0
869,2.462064534902302,227.127.69.254,192.168.1.1,TCP,0
182,4.700419961347401,247.105.240.138,192.168.1.1,UDP,0
1044,5.101343162842652,232.164.224.242,192.168.1.1,UDP,0
1490,7.429384689605344,76.85.80.207,192.168.1.1,UDP,0
838,5.101478266079714,54.40.234.44,192.168.1.1,ICMP,0
137,1.1817488695333118,201.190.44.132,192.168.1.1,UDP,0
1085,2.339354182812343,226.215.151.215,192.168.1.1,UDP,0
1009,9.13249960925199,130.233.66.212,192.168.1.1,ICMP,0
580,5.726120682388939,123.95.38.27,192.168.1.1,TCP,0
196,498.18563403577974,86.248.214.15,192.168.1.1,TCP,1
1002,1.9110298900493161,125.63.3.26,192.168.1.1,TCP,0
626,2.596815321122067,15.254.212.237,192.168.1.1,TCP,0
1126,4.587362829278832,97.132.226.55,192.168.1.1,TCP,0
1215,8.335490923121496,235.223.192.7,192.168.1.1,UDP,0
734,1.511080853518997,101.171.181.99,192.168.1.1,UDP,0
1041,8.748500204249968,61.178.11.173,192.168.1.1,ICMP,0
1099,4.567656016422914,145.245.146.252,192.168.1.1,UDP,0
591,1.4339883393611867,83.227.200.251,192.168.1.1,ICMP,0
181,1.6101780573182636,179.32.29.6,192.168.1.1,ICMP,0
531,8.230152043388257,212.252.205.226,192.168.1.1,UDP,0
993,7.056826912714263,238.227.16.250,192.168.1.1,TCP,0
991,9.732540095967806,29.72.55.136,192.168.1.1,ICMP,0
982,4.929902442674029,238.166.184.17,192.168.1.1,UDP,0
1052,4.95114592450408,90.176.14.73,192.168.1.1,UDP,0
1222,4.171085018044071,131.144.185.17,192.168.1.1,TCP,0
72,8.033141851814234,239.100.242.205,192.168.1.1,UDP,0
270,6.254349077496756,150.61.58.181,192.168.1.1,ICMP,0
1153,1.3531659617237035,49.34.193.170,192.168.1.1,UDP,0
294,212.2901319189391,219.23.41.41,192.168.1.1,TCP,1
1031,687.7753454995238,62.130.60.14,192.168.1.1,TCP,1
1126,3.3729075057346263,242.18.125.89,192.168.1.1,ICMP,0
495,4.694489291279261,2.101.217.30,192.168.1.1,UDP,0
233,9.799418807467287,24.255.144.226,192.168.1.1,UDP,0
969,3.528559284927885,140.174.105.40,192.168.1.1,TCP,0
249,6.185154289733252,41.124.229.164,192.168.1.1,UDP,0
644,8.833427615255864,76.168.211.46,192.168.1.1,UDP,0
534,5.975235009112264,15.21.41.110,192.168.1.1,TCP,0
194,1.2292399668220317,157.251.171.31,192.168.1.1,ICMP,0
1132,5.8201623210709155,21.73.9.190,192.168.1.1,TCP,0
86,4.922406108545638,29.223.25.250,192.168.1.1,UDP,0
865,321.804728088929,130.157.60.49,192.168.1.1,TCP,1
244,575.8262087546132,205.45.154.28,192.168.1.1,TCP,1
314,0.516597885348173,190.202.240.60,192.168.1.1,TCP,0
123,1.4452139674925166,134.137.150.175,192.168.1.1,UDP,0
1077,0.8903633487408632,71.221.21.94,192.168.1.1,UDP,0
423,7.594100978701496,238.229.22.18,192.168.1.1,UDP,0
258,8.823650947663488,149.138.91.250,192.168.1.1,UDP,0
1319,8.585693178275399,207.111.222.23,192.168.1.1,UDP,0
420,403.10409172799376,201.251.96.29,192.168.1.1,TCP,1
1269,4.739082360780122,188.57.2.97,192.168.1.1,ICMP,0
190,3.281455715932273,172.248.176.178,192.168.1.1,TCP,0
417,2.776797429747102,150.170.247.108,192.168.1.1,ICMP,0
360,9.930044038289426,249.13.139.152,192.168.1.1,ICMP,0
455,2.6907071347530973,38.55.86.61,192.168.1.1,UDP,0
1465,5.751671902765135,25.23.175.118,192.168.1.1,UDP,0
207,5.860815472096985,95.134.19.248,192.168.1.1,TCP,0
941,4.285236762203813,251.16.230.158,192.168.1.1,TCP,0
997,5.211138942903284,136.60.250.104,192.168.1.1,ICMP,0
748,349.4252453238586,200.17.43.33,192.168.1.1,TCP,1
133,825.5823510877514,124.84.35.20,192.168.1.1,TCP,1
176,9.72690840422703,8.48.81.92,192.168.1.1,UDP,0
827,5.186694250272688,246.88.25.157,192.168.1.1,ICMP,0
904,4.436274681244847,49.216.72.139,192.168.1.1,TCP,0
826,6.631100876218802,194.11.42.242,192.168.1.1,TCP,0
1351,8.446051466267981,234.7.149.140,192.168.1.1,UDP,0
1167,8.915546251100038,250.249.190.244,192.168.1.1,ICMP,0
822,3.8301577719127398,255.61.104.146,192.168.1.1,ICMP,0
467,6.51426534874822,239.134.235.221,192.168.1.1,TCP,0
1049,0.7206305783262764,88.177.236.147,192.168.1.1,TCP,0
1408,9.214587975442663,104.180.201.198,192.168.1.1,ICMP,0
1167,5.387426042110813,183.148.176.254,192.168.1.1,UDP,0
300,6.130027976963194,140.224.233.178,192.168.1.1,UDP,0
329,9.113263271972281,152.171.70.207,192.168.1.1,ICMP,0
1453,0.22465830324551772,222.72.10.158,192.168.1.1,ICMP,0
1287,8.356683771318453,133.54.215.191,192.168.1.1,TCP,0
829,2.496045322186219,176.109.172.58,192.168.1.1,ICMP,0
1122,9.225703451874933,246.240.42.44,192.168.1.1,ICMP,0
1350,2.0889921723161313,120.104.108.195,192.168.1.1,UDP,0
476,349.8610207424955,54.50.234.37,192.168.1.1,TCP,1
194,7.3567272698442485,191.121.25.55,192.168.1.1,ICMP,0
182,3.405917582149672,66.36.80.77,192.168.1.1,ICMP,0
990,4.160826884060733,159.88.99.29,192.168.1.1,ICMP,0
1244,4.626669585257791,234.186.130.160,192.168.1.1,ICMP,0
765,2.893932262549755,224.84.85.124,192.168.1.1,TCP,0
347,3.176167417763904,70.116.109.24,192.168.1.1,ICMP,0
1042,528.5052798128711,24.133.207.25,192.168.1.1,TCP,1
1429,0.2265003502430109,32.10.151.196,192.168.1.1,ICMP,0
1456,1.317789790940566,195.147.108.232,192.168.1.1,UDP,0
548,2.3709303550023146,5.87.251.56,192.168.1.1,ICMP,0
247,3.25658222449763,203.2.74.97,192.168.1.1,TCP,0
1197,8.475181160440163,152.234.177.222,192.168.1.1,UDP,0
703,5.352041277847898,225.171.201.26,192.168.1.1,TCP,0
1124,436.55982169866473,84.100.168.13,192.168.1.1,TCP,1
1348,5.536986687283034,223.250.19.60,192.168.1.1,ICMP,0
768,6.783461919368517,28.255.23.216,192.168.1.1,ICMP,0
309,4.782101933589089,62.240.227.207,192.168.1.1,ICMP,0
85,8.121367174880996,134.232.69.61,192.168.1.1,TCP,0
959,7.532026373546461,194.187.89.76,192.168.1.1,TCP,0
1328,8.012778237126344,231.109.26.222,192.168.1.1,ICMP,0
509,7.748462886065805,57.140.115.209,192.168.1.1,TCP,0
805,657.8531971024054,220.37.81.35,192.168.1.1,TCP,1
183,7.969790547427034,82.227.147.202,192.168.1.1,TCP,0
1052,3.1492977872566925,97.168.146.128,192.168.1.1,ICMP,0
1040,5.09471724056158,245.43.202.140,192.168.1.1,UDP,0
706,8.117913496162041,215.117.210.105,192.168.1.1,TCP,0
196,549.4130118333123,23.10.174.35,192.168.1.1,TCP,1
714,8.848653266385957,189.247.52.240,192.168.1.1,TCP,0
780,9.976802331294897,60.215.170.97,192.168.1.1,UDP,0
920,4.806992958412409,137.35.205.236,192.168.1.1,ICMP,0
986,9.296374310822905,209.136.72.94,192.168.1.1,TCP,0
514,1.87724666452112,133.145.155.253,192.168.1.1,ICMP,0
597,6.850303177350462,87.246.6.111,192.168.1.1,ICMP,0
692,131.98658292729945,46.221.26.31,192.168.1.1,TCP,1
1383,6.44380180230566,154.50.219.232,192.168.1.1,TCP,0
1259,5.2365782852005465,179.171.252.181,192.168.1.1,UDP,0
605,475.5136191125058,101.112.182.20,192.168.1.1,TCP,1
815,786.3724878761642,64.222.17.34,192.168.1.1,TCP,1
905,9.992700253113759,27.117.81.54,192.168.1.1,ICMP,0
1316,1.9504383416875797,56.146.77.212,192.168.1.1,TCP,0
268,1.3234422516645632,36.23.250.181,192.168.1.1,UDP,0
668,366.34066535169995,213.74.87.26,192.168.1.1,TCP,1
877,8.702325586504555,255.94.26.237,192.168.1.1,ICMP,0
1304,6.467618951380446,153.143.229.14,192.168.1.1,UDP,0
694,2.3425587281174045,116.236.170.43,192.168.1.1,TCP,0
70,7.980874343979445,202.159.243.95,192.168.1.1,UDP,0
554,2.7161966967056284,47.77.197.187,192.168.1.1,ICMP,0
1162,7.716066253844585,101.158.39.94,192.168.1.1,UDP,0
985,5.22369405868019,24.204.3.217,192.168.1.1,ICMP,0
639,3.4709968122745045,71.241.58.90,192.168.1.1,UDP,0
759,3.2925634854100023,22.13.98.62,192.168.1.1,ICMP,0
993,8.816718797181043,73.253.239.209,192.168.1.1,TCP,0
99,4.843033768160325,34.186.212.99,192.168.1.1,TCP,0
101,938.9178932224389,90.100.95.27,192.168.1.1,TCP,1
604,0.5215430537403221,248.197.182.4,192.168.1.1,TCP,0
721,7.401685374142694,165.51.255.245,192.168.1.1,TCP,0
965,1.0905138971245991,31.88.65.222,192.168.1.1,ICMP,0
807,5.184423848529002,135.198.222.27,192.168.1.1,TCP,0
1156,7.724199711903709,192.213.136.19,192.168.1.1,UDP,0
736,683.2221864393105,191.42.195.50,192.168.1.1,TCP,1
165,3.7363306339050752,150.253.172.71,192.168.1.1,UDP,0
1215,6.545731926806361,243.193.74.118,192.168.1.1,ICMP,0
284,0.8466669528153692,147.243.32.226,192.168.1.1,UDP,0
662,0.4396006669692958,239.225.59.128,192.168.1.1,TCP,0
1482,391.10218497203806,18.127.82.2,192.168.1.1,TCP,1
121,2.8238481459503455,148.179.9.129,192.168.1.1,ICMP,0
387,712.3758469160565,40.238.33.47,192.168.1.1,TCP,1
1134,9.413690708365817,189.50.125.135,192.168.1.1,UDP,0
519,6.191671013811039,137.237.129.235,192.168.1.1,ICMP,0
360,3.9289114290120577,193.87.142.252,192.168.1.1,TCP,0
873,119.22223032695854,245.69.78.24,192.168.1.1,TCP,1
1417,6.2636272347413104,237.6.5.217,192.168.1.1,TCP,0
301,8.459981588247983,77.106.148.70,192.168.1.1,ICMP,0
971,4.536431943269062,86.88.124.76,192.168.1.1,ICMP,0
416,3.289385995970843,36.160.92.226,192.168.1.1,TCP,0
731,945.3062029062796,254.108.10.28,192.168.1.1,TCP,1
1271,1.383301668643225,67.201.28.85,192.168.1.1,TCP,0
935,228.44508068832926,104.132.76.41,192.168.1.1,TCP,1
66,0.6846355120061598,95.132.249.185,192.168.1.1,UDP,0
156,7.366557504480674,84.233.212.18,192.168.1.1,TCP,0
1255,1.1247008688762345,28.99.5.37,192.168.1.1,TCP,0
1309,8.985954619520886,128.107.188.187,192.168.1.1,ICMP,0
1330,9.41933741732561,164.59.139.240,192.168.1.1,TCP,0
339,6.187037116188175,135.250.32.15,192.168.1.1,UDP,0
1164,2.9255632565401677,169.156.102.239,192.168.1.1,ICMP,0
1420,4.363937788219568,134.121.176.206,192.168.1.1,UDP,0
1060,439.0269389023378,143.155.66.15,192.168.1.1,TCP,1
729,4.682604918845762,147.80.248.71,192.168.1.1,TCP,0
160,8.099784297877878,122.170.127.151,192.168.1.1,ICMP,0
1224,0.3261735973880604,202.102.138.165,192.168.1.1,ICMP,0
1162,387.59396693801904,163.106.163.44,192.168.1.1,TCP,1
205,4.240601675937427,171.114.151.156,192.168.1.1,UDP,0
1015,4.1125453117487725,106.37.45.121,192.168.1.1,ICMP,0
1029,9.471070116383125,83.65.131.90,192.168.1.1,TCP,0
474,6.591573185675786,82.160.234.198,192.168.1.1,TCP,0
639,8.403837480219963,247.203.180.62,192.168.1.1,UDP,0
731,882.3264259612057,109.129.186.19,192.168.1.1,TCP,1
895,209.58048460004244,165.85.38.6,192.168.1.1,TCP,1
642,4.395808430161139,229.180.118.34,192.168.1.1,ICMP,0
940,9.887384135794688,68.66.111.56,192.168.1.1,TCP,0
911,5.50847150037806,220.76.206.255,192.168.1.1,TCP,0
209,7.29747428101414,228.240.205.212,192.168.1.1,TCP,0
280,795.6794249871865,32.149.144.45,192.168.1.1,TCP,1
380,550.0651348483702,41.198.249.49,192.168.1.1,TCP,1
122,6.075898874462256,149.223.189.80,192.168.1.1,ICMP,0
1228,6.947349043051058,169.175.107.194,192.168.1.1,ICMP,0
415,959.9611101004978,24.179.173.29,192.168.1.1,TCP,1
1306,3.961213224780208,195.100.231.199,192.168.1.1,UDP,0
164,0.6982862567230191,77.121.41.225,192.168.1.1,TCP,0
170,6.235091181116967,209.53.53.18,192.168.1.1,UDP,0
944,0.8634081461940248,244.241.104.250,192.168.1.1,ICMP,0
388,669.1267362092481,230.232.153.19,192.168.1.1,TCP,1
105,3.4868153420626466,38.177.94.199,192.168.1.1,UDP,0
943,4.895257309302833,108.53.65.101,192.168.1.1,TCP,0
858,2.399991077218799,132.14.219.221,192.168.1.1,UDP,0
1459,0.7459608279900058,107.106.215.147,192.168.1.1,ICMP,0
933,0.6926936844900438,56.88.38.84,192.168.1.1,TCP,0
625,1.3831806876739852,6.62.51.212,192.168.1.1,TCP,0
356,2.7676798355481953,154.190.115.31,192.168.1.1,UDP,0
1448,3.117172826672989,4.197.24.193,192.168.1.1,ICMP,0
631,8.911535835506676,183.118.54.127,192.168.1.1,ICMP,0
1364,8.946926724227831,149.51.186.82,192.168.1.1,UDP,0
654,3.1625927809146197,188.157.233.34,192.168.1.1,TCP,0
144,9.170113994907695,125.9.227.88,192.168.1.1,TCP,0
424,4.764992406364357,111.198.72.196,192.168.1.1,TCP,0
404,4.236902990680532,3.159.166.4,192.168.1.1,UDP,0
719,8.997806063195958,18.242.21.45,192.168.1.1,UDP,0
1281,5.390702475928807,112.57.77.39,192.168.1.1,ICMP,0
1284,731.4213811449475,74.36.89.35,192.168.1.1,TCP,1
708,9.314588742679547,190.88.140.129,192.168.1.1,TCP,0
198,5.0489057548132354,228.73.116.103,192.168.1.1,TCP,0
972,3.5109788051760416,16.46.110.247,192.168.1.1,ICMP,0
110,4.87251282350874,212.177.241.57,192.168.1.1,TCP,0
764,4.223343791988806,8.184.124.149,192.168.1.1,UDP,0
782,7.298267214726424,216.211.96.105,192.168.1.1,TCP,0
471,409.4835254850513,200.26.68.20,192.168.1.1,TCP,1
1186,7.581334971449639,160.218.8.225,192.168.1.1,UDP,0
1451,4.155794452515138,175.14.15.17,192.168.1.1,TCP,0
220,8.545123974579282,173.94.108.90,192.168.1.1,ICMP,0
591,6.518410851561351,92.68.40.38,192.168.1.1,UDP,0
599,0.1436091302063713,47.10.179.156,192.168.1.1,ICMP,0
584,8.411401102348348,107.78.111.31,192.168.1.1,UDP,0
235,8.997033374557633,68.133.34.149,192.168.1.1,ICMP,0
491,549.0300239742528,209.203.36.28,192.168.1.1,TCP,1
85,817.1936706545107,175.112.71.23,192.168.1.1,TCP,1
402,1.5325334963889263,27.171.192.59,192.168.1.1,TCP,0
770,4.889409811410751,51.69.40.100,192.168.1.1,TCP,0
648,2.8270159854168115,69.115.158.26,192.168.1.1,ICMP,0
875,9.07365996354338,241.201.178.186,192.168.1.1,ICMP,0
537,9.116601433703746,36.193.3.159,192.168.1.1,ICMP,0
1107,4.969673094248992,152.124.233.152,192.168.1.1,TCP,0
510,6.613760444757516,180.111.81.95,192.168.1.1,TCP,0
903,777.6533091803263,139.214.158.35,192.168.1.1,TCP,1
902,4.483138870159707,16.130.105.72,192.168.1.1,TCP,0
237,4.953791431226113,253.118.201.34,192.168.1.1,UDP,0
1240,8.957666402363575,123.178.189.158,192.168.1.1,UDP,0
1045,2.5147174999052835,239.66.213.125,192.168.1.1,UDP,0
357,7.9321416033049195,105.84.173.53,192.168.1.1,TCP,0
1365,3.282255313002563,23.123.91.218,192.168.1.1,ICMP,0
494,0.5023136200592926,212.29.193.211,192.168.1.1,ICMP,0
1124,7.669511141944413,236.206.98.171,192.168.1.1,UDP,0
1466,4.050752506339109,56.82.194.226,192.168.1.1,ICMP,0
617,6.582674686382308,90.87.249.29,192.168.1.1,TCP,0
96,3.3053745114689335,146.41.128.26,192.168.1.1,ICMP,0
984,662.2308306916751,220.71.212.45,192.168.1.1,TCP,1
979,8.876771066609539,201.213.232.12,192.168.1.1,UDP,0
1289,0.5553652019611722,108.68.32.118,192.168.1.1,TCP,0
977,775.9504528664346,119.84.122.12,192.168.1.1,TCP,1
1002,2.7703765116888963,53.166.87.1,192.168.1.1,UDP,0
537,808.6947625722762,162.75.40.44,192.168.1.1,TCP,1
213,5.529902838882693,164.18.188.40,192.168.1.1,TCP,0
250,8.028124437526113,239.129.15.91,192.168.1.1,UDP,0
1028,1.0279246440416698,50.187.128.153,192.168.1.1,UDP,0
946,1.179289237024997,179.93.185.137,192.168.1.1,ICMP,0
284,2.6654879310789945,125.232.90.112,192.168.1.1,TCP,0
1120,3.9681964464018877,73.127.141.155,192.168.1.1,ICMP,0
369,6.879172162441975,37.231.191.207,192.168.1.1,UDP,0
135,140.15849183524463,108.108.205.47,192.168.1.1,TCP,1
718,6.34741229462693,228.9.164.167,192.168.1.1,ICMP,0
1103,6.834811662677482,72.101.213.56,192.168.1.1,TCP,0
550,0.25101404451469866,255.81.228.126,192.168.1.1,TCP,0
1365,2.1002203902921086,164.156.29.84,192.168.1.1,ICMP,0
764,6.723378268602088,5.104.188.170,192.168.1.1,TCP,0
409,9.891650261895562,139.180.127.54,192.168.1.1,UDP,0
1185,9.385225007628108,175.9.75.119,192.168.1.1,ICMP,0
96,2.6281118853617227,120.14.130.2,192.168.1.1,TCP,0
957,265.2794281055517,161.221.200.48,192.168.1.1,TCP,1
1293,9.197379093093607,213.176.206.91,192.168.1.1,ICMP,0
1310,7.966363447149662,239.220.19.45,192.168.1.1,ICMP,0
539,2.9812895059919056,214.18.218.217,192.168.1.1,UDP,0
98,2.005425988196383,22.21.231.76,192.168.1.1,UDP,0
609,4.969923862170268,77.142.134.18,192.168.1.1,TCP,0
879,7.10130972620884,31.250.191.121,192.168.1.1,TCP,0
1146,384.5996826527872,10.186.100.49,192.168.1.1,TCP,1
981,215.83590302386153,64.186.28.45,192.168.1.1,TCP,1
1035,1.8334688773123655,8.250.154.170,192.168.1.1,TCP,0
1471,7.940172535433866,144.116.231.58,192.168.1.1,UDP,0
847,5.07167242172781,195.89.99.127,192.168.1.1,UDP,0
136,742.4359935493901,64.182.227.13,192.168.1.1,TCP,1
842,710.9573675944666,174.245.238.28,192.168.1.1,TCP,1
1309,9.193029454663304,49.87.253.15,192.168.1.1,TCP,0
973,664.2213721563338,136.183.44.19,192.168.1.1,TCP,1
949,5.80244954240565,121.119.49.136,192.168.1.1,TCP,0
715,4.858226261559146,60.102.189.16,192.168.1.1,ICMP,0
539,3.194956430781233,41.89.193.151,192.168.1.1,TCP,0
440,5.8352913516807865,6.141.132.79,192.168.1.1,TCP,0
442,5.971667120373757,63.183.249.74,192.168.1.1,TCP,0
1343,1.9494625378701036,12.241.12.68,192.168.1.1,UDP,0
577,7.952077175755181,132.27.222.103,192.168.1.1,TCP,0
1035,3.0177959816983004,186.165.106.250,192.168.1.1,UDP,0
973,3.958160104481768,196.152.126.11,192.168.1.1,TCP,0
277,3.2885420543751747,231.54.166.151,192.168.1.1,UDP,0
1392,4.766110607599863,105.226.30.93,192.168.1.1,ICMP,0
1387,840.1428707573127,67.112.216.21,192.168.1.1,TCP,1
469,739.7551018003447,161.227.155.21,192.168.1.1,TCP,1
1426,5.590548554534253,194.180.187.190,192.168.1.1,ICMP,0
1431,4.371577807398593,137.122.165.230,192.168.1.1,TCP,0
416,8.1902117230751,148.149.17.12,192.168.1.1,ICMP,0
256,4.059085144289549,52.195.80.148,192.168.1.1,TCP,0
765,9.713825796954971,88.50.126.184,192.168.1.1,TCP,0
1157,9.245775976441005,101.169.4.26,192.168.1.1,TCP,0
772,3.6008677113071297,1.207.172.69,192.168.1.1,ICMP,0
1349,7.3546057529817555,131.27.122.246,192.168.1.1,TCP,0
94,2.581984580216422,241.178.31.173,192.168.1.1,ICMP,0
1091,0.20850368225564408,85.117.48.149,192.168.1.1,ICMP,0
1277,7.738247053482266,100.199.75.236,192.168.1.1,UDP,0
748,4.1744403011071824,137.197.96.61,192.168.1.1,TCP,0
379,4.810823516479679,104.20.16.156,192.168.1.1,UDP,0
1232,7.362496645326646,230.48.41.252,192.168.1.1,TCP,0
590,6.949060592965899,30.34.204.94,192.168.1.1,ICMP,0
626,2.641282051255817,201.65.42.166,192.168.1.1,ICMP,0
638,863.6859349735641,162.6.12.18,192.168.1.1,TCP,1
405,7.714000480458253,100.176.168.92,192.168.1.1,ICMP,0
737,4.465481986476337,40.33.87.230,192.168.1.1,ICMP,0
407,9.369223147211734,237.216.245.50,192.168.1.1,UDP,0
246,0.11529530084882954,55.222.173.9,192.168.1.1,TCP,0
395,3.0124399043379513,35.246.59.107,192.168.1.1,TCP,0
1051,4.7075905108960985,96.253.127.135,192.168.1.1,ICMP,0
277,5.520581998212248,98.140.20.65,192.168.1.1,UDP,0
451,685.5144121547839,219.184.44.7,192.168.1.1,TCP,1
984,8.361949644652253,66.84.87.52,192.168.1.1,TCP,0
671,288.29043864207756,154.238.3.4,192.168.1.1,TCP,1
272,6.915590973877478,61.57.174.63,192.168.1.1,UDP,0
1355,6.950601637732394,33.199.134.31,192.168.1.1,TCP,0
708,679.8967256757737,213.188.93.11,192.168.1.1,TCP,1
557,7.036470433055997,119.42.219.208,192.168.1.1,ICMP,0
1032,2.818437145495798,151.108.147.16,192.168.1.1,TCP,0
857,0.3521555053093751,214.234.20.71,192.168.1.1,UDP,0
700,7.411388514741017,220.248.67.212,192.168.1.1,ICMP,0
1213,4.130664639435675,182.247.144.115,192.168.1.1,ICMP,0
1197,7.5602904086303555,112.43.163.86,192.168.1.1,UDP,0
903,4.482077326871435,253.172.223.123,192.168.1.1,TCP,0
836,4.889528830440214,40.160.122.23,192.168.1.1,ICMP,0
1073,7.892300453139361,148.157.211.145,192.168.1.1,UDP,0
981,129.51672754536636,126.227.95.41,192.168.1.1,TCP,1
1414,529.2955508755449,194.115.174.33,192.168.1.1,TCP,1
181,583.1441753144438,163.107.53.31,192.168.1.1,TCP,1
866,7.730288452136154,71.78.8.33,192.168.1.1,ICMP,0
431,2.2945194203282426,29.76.71.252,192.168.1.1,UDP,0
203,9.23899355182755,41.208.221.25,192.168.1.1,UDP,0
1253,3.6981994043526263,9.147.158.128,192.168.1.1,TCP,0
988,7.278234508895568,166.186.90.9,192.168.1.1,TCP,0
479,709.1533035356723,100.102.191.43,192.168.1.1,TCP,1
107,3.872262777175331,249.96.204.168,192.168.1.1,TCP,0
752,2.760636258015977,168.152.41.46,192.168.1.1,ICMP,0
1158,5.329230518922987,244.196.247.168,192.168.1.1,UDP,0
223,867.7190685140429,73.12.61.37,192.168.1.1,TCP,1
510,0.39595574450778803,185.64.81.205,192.168.1.1,UDP,0
1336,9.058091945859942,253.189.223.186,192.168.1.1,TCP,0
768,9.03432377718109,216.156.227.251,192.168.1.1,UDP,0
1337,3.984502512231439,226.136.228.157,192.168.1.1,ICMP,0
964,9.796271275843276,90.175.152.45,192.168.1.1,ICMP,0
894,0.3510768033271956,104.255.50.84,192.168.1.1,TCP,0
480,3.7756114603606408,196.49.210.42,192.168.1.1,UDP,0
355,4.9732450997126705,133.149.181.56,192.168.1.1,TCP,0
866,2.9584050531990833,240.61.196.122,192.168.1.1,ICMP,0
295,3.930810186451636,146.27.18.72,192.168.1.1,TCP,0
435,9.314966163506329,104.242.115.88,192.168.1.1,TCP,0
1390,2.669742061497185,42.236.243.76,192.168.1.1,TCP,0
1380,5.647909525957175,48.145.195.151,192.168.1.1,ICMP,0
245,7.082969890115607,151.37.57.75,192.168.1.1,UDP,0
897,1.9366240492570757,134.190.31.125,192.168.1.1,TCP,0
552,1.1420789995438698,193.247.57.36,192.168.1.1,UDP,0
894,8.563107016318307,171.242.146.219,192.168.1.1,TCP,0
1347,5.948317540198383,186.46.220.213,192.168.1.1,ICMP,0
1288,9.159082809719491,212.201.93.65,192.168.1.1,ICMP,0
679,630.7201223668708,129.60.130.7,192.168.1.1,TCP,1
1000,7.166022388211504,16.138.148.217,192.168.1.1,UDP,0
101,348.29960451135946,1.30.76.21,192.168.1.1,TCP,1
349,1.7982400607848394,230.129.122.35,192.168.1.1,ICMP,0
1430,1.9788375847212336,83.134.182.213,192.168.1.1,UDP,0
542,231.9290748603682,98.34.209.37,192.168.1.1,TCP,1
149,0.9718645433266858,238.181.13.88,192.168.1.1,ICMP,0
1083,8.718469033903464,66.98.141.33,192.168.1.1,TCP,0
548,4.9202710969477055,57.50.83.133,192.168.1.1,TCP,0
298,6.159933639166032,64.228.17.165,192.168.1.1,ICMP,0
1332,5.203654619816579,199.135.92.247,192.168.1.1,ICMP,0
1071,2.700324879757237,51.67.75.251,192.168.1.1,ICMP,0
97,2.807182265156038,111.59.80.122,192.168.1.1,TCP,0
1325,1.5091431791589258,80.189.90.131,192.168.1.1,ICMP,0
1327,5.0446755443198175,44.57.29.183,192.168.1.1,TCP,0
1462,4.999825103528609,203.65.9.253,192.168.1.1,ICMP,0
349,0.9026708768753364,244.128.226.101,192.168.1.1,UDP,0
232,7.28796158779314,248.162.73.205,192.168.1.1,ICMP,0
1007,8.806853399221906,125.90.221.155,192.168.1.1,UDP,0
132,2.292706831012102,31.164.231.121,192.168.1.1,UDP,0
312,8.6126064962749,7.36.57.169,192.168.1.1,UDP,0
907,3.0079398349507223,32.57.233.21,192.168.1.1,ICMP,0
474,5.369796216459407,50.166.250.180,192.168.1.1,TCP,0
1210,1.7861977917168503,209.101.152.142,192.168.1.1,ICMP,0
449,3.8359880192676012,102.46.142.37,192.168.1.1,UDP,0
544,4.780922178739661,45.219.55.244,192.168.1.1,TCP,0
1423,1.9424185295472898,78.247.105.5,192.168.1.1,UDP,0
961,4.873370163362502,33.240.82.127,192.168.1.1,ICMP,0
373,0.8937918705686299,62.83.8.26,192.168.1.1,ICMP,0
1229,0.22840069871361693,139.171.57.40,192.168.1.1,TCP,0
577,9.825073922932779,134.2.164.139,192.168.1.1,TCP,0
627,2.8019587802303114,4.197.208.71,192.168.1.1,UDP,0
190,533.4122835213618,164.237.89.32,192.168.1.1,TCP,1
868,5.613561908403019,69.101.1.253,192.168.1.1,UDP,0
1083,115.14447367824062,201.116.152.10,192.168.1.1,TCP,1
836,4.1130915231136225,202.232.80.79,192.168.1.1,ICMP,0
1460,362.22119426502053,241.180.124.35,192.168.1.1,TCP,1
1396,7.349685884841817,34.229.34.174,192.168.1.1,TCP,0
1442,6.938276324541993,182.90.58.153,192.168.1.1,TCP,0
640,8.606741550816341,11.147.169.153,192.168.1.1,ICMP,0
319,1.6237588983927587,150.201.242.191,192.168.1.1,TCP,0
1033,0.570455772558715,253.245.28.83,192.168.1.1,ICMP,0
1154,6.599475089216165,37.240.191.54,192.168.1.1,UDP,0
1390,0.7352981981688967,191.58.109.184,192.168.1.1,ICMP,0
407,1.136551745048174,236.79.246.96,192.168.1.1,UDP,0
248,430.8533769246811,174.126.42.12,192.168.1.1,TCP,1
873,8.11605642735084,166.253.42.129,192.168.1.1,ICMP,0
504,0.9422125802798655,203.116.119.204,192.168.1.1,UDP,0
1305,9.076866632333587,79.19.245.151,192.168.1.1,UDP,0
600,1.6204920303054065,188.140.221.65,192.168.1.1,ICMP,0
1359,8.82967060917176,244.31.73.80,192.168.1.1,ICMP,0
341,9.625554053371147,41.26.235.216,192.168.1.1,ICMP,0
1165,167.62861634477682,220.41.155.31,192.168.1.1,TCP,1
1260,7.9654126789846975,196.80.52.152,192.168.1.1,ICMP,0
160,952.065366380717,242.19.96.12,192.168.1.1,TCP,1
1333,8.204493546432902,154.220.161.169,192.168.1.1,TCP,0
354,1.381002497015002,93.134.185.142,192.168.1.1,TCP,0
1180,7.840041200296257,179.255.101.88,192.168.1.1,UDP,0
136,4.845878270453183,85.142.144.144,192.168.1.1,TCP,0
1030,0.6059815439557156,111.250.153.184,192.168.1.1,UDP,0
1286,4.4599819483636995,51.96.154.51,192.168.1.1,UDP,0
757,2.4703452503173398,61.179.240.66,192.168.1.1,TCP,0
1491,339.3265567284244,45.120.181.24,192.168.1.1,TCP,1
947,8.98692780467976,84.109.126.103,192.168.1.1,ICMP,0
1137,1.9606090353168775,105.251.1.149,192.168.1.1,UDP,0
773,460.5606956202433,59.220.82.2,192.168.1.1,TCP,1
641,6.158076339768863,219.35.22.138,192.168.1.1,UDP,0
729,4.062351372834109,24.217.218.195,192.168.1.1,UDP,0
808,8.88396578621381,123.204.26.20,192.168.1.1,UDP,0
461,570.4941640435851,229.68.37.39,192.168.1.1,TCP,1
1320,3.9523139152089137,229.94.122.44,192.168.1.1,ICMP,0
1020,2.303463797393375,195.52.36.159,192.168.1.1,TCP,0
1149,7.092404899577637,69.163.89.167,192.168.1.1,TCP,0
515,0.7798465427218128,132.152.193.141,192.168.1.1,UDP,0
391,4.779897190786971,209.69.77.49,192.168.1.1,UDP,0
1427,504.35104021264044,56.36.211.7,192.168.1.1,TCP,1
1181,5.0256267232370755,209.152.3.175,192.168.1.1,UDP,0
507,7.9423341612496365,35.217.85.64,192.168.1.1,ICMP,0
513,2.1508680050175224,133.65.99.214,192.168.1.1,ICMP,0
366,655.7620911075493,35.171.133.4,192.168.1.1,TCP,1
386,6.847985090159718,150.50.158.252,192.168.1.1,ICMP,0
562,9.429027424979394,89.150.34.210,192.168.1.1,UDP,0
1403,1.5445236900971886,251.42.26.132,192.168.1.1,UDP,0
845,5.954297399371355,230.152.239.208,192.168.1.1,TCP,0
1370,0.3559637677761681,155.14.130.211,192.168.1.1,ICMP,0
541,4.757244934511583,153.27.102.148,192.168.1.1,UDP,0
1261,7.5846012570497265,7.141.167.110,192.168.1.1,UDP,0
655,9.305366359902518,158.76.160.110,192.168.1.1,UDP,0
1307,6.5324190635203,154.226.80.96,192.168.1.1,UDP,0
81,4.920194642876784,106.168.166.136,192.168.1.1,TCP,0
618,1.710944328190078,165.99.163.198,192.168.1.1,UDP,0
1487,6.18631237720271,176.130.90.8,192.168.1.1,TCP,0
1006,246.58548757772377,47.28.82.26,192.168.1.1,TCP,1
1401,321.61667542824466,187.157.73.49,192.168.1.1,TCP,1
597,0.4592894912736045,100.119.250.180,192.168.1.1,UDP,0
105,5.348776524768351,110.77.237.2,192.168.1.1,UDP,0
754,1.999025530392874,158.159.49.156,192.168.1.1,UDP,0
1131,7.679381310795239,183.7.175.17,192.168.1.1,ICMP,0
808,0.8499573265730034,255.38.221.30,192.168.1.1,ICMP,0
1318,7.695731239591326,46.16.67.180,192.168.1.1,TCP,0
395,3.9098080398521504,50.101.250.37,192.168.1.1,UDP,0
432,1.9915238850143362,244.168.193.115,192.168.1.1,ICMP,0
1029,4.386133450557764,144.40.160.6,192.168.1.1,UDP,0
1374,6.566399560448799,117.123.58.249,192.168.1.1,ICMP,0
586,855.0576696912995,172.173.15.40,192.168.1.1,TCP,1
585,8.140009973605828,85.40.67.24,192.168.1.1,UDP,0
720,1.0054716626818794,221.151.185.186,192.168.1.1,UDP,0
611,4.798256084874964,170.138.54.24,192.168.1.1,TCP,0
939,0.7401388620972419,88.175.233.127,192.168.1.1,ICMP,0
354,2.510188113504261,154.10.5.114,192.168.1.1,ICMP,0
146,5.43792738224752,14.144.122.51,192.168.1.1,ICMP,0
460,8.869184598966815,95.48.63.80,192.168.1.1,ICMP,0
1195,1.2282967863077499,33.151.9.3,192.168.1.1,ICMP,0
1484,3.4748822302481743,190.166.144.165,192.168.1.1,ICMP,0
227,1.3999559236718317,112.141.228.16,192.168.1.1,ICMP,0
810,0.22120127055377226,91.160.118.163,192.168.1.1,TCP,0
639,9.92074231877855,132.159.57.156,192.168.1.1,TCP,0
1323,2.055746079806721,50.23.173.32,192.168.1.1,TCP,0
1346,3.7753816216669733,172.181.4.173,192.168.1.1,UDP,0
1250,525.6944401319931,245.211.175.23,192.168.1.1,TCP,1
339,3.51597096421394,142.114.179.59,192.168.1.1,ICMP,0
693,0.9017286533892381,137.220.107.112,192.168.1.1,TCP,0
1125,952.3304251322203,146.223.94.45,192.168.1.1,TCP,1
195,1.670904428321107,17.116.129.112,192.168.1.1,TCP,0
727,797.3868771475837,10.230.21.41,192.168.1.1,TCP,1
474,2.675616107140962,213.53.2.238,192.168.1.1,ICMP,0
286,4.910040692952346,134.8.149.236,192.168.1.1,TCP,0
811,4.834652008464683,126.188.53.143,192.168.1.1,UDP,0
740,185.34079385477804,90.99.181.23,192.168.1.1,TCP,1
1069,633.4863315427217,244.98.147.9,192.168.1.1,TCP,1
772,6.358523432415209,23.132.9.74,192.168.1.1,ICMP,0
405,7.056777338009297,27.10.25.194,192.168.1.1,UDP,0
1459,8.868899357984422,177.48.219.113,192.168.1.1,UDP,0
422,9.098376675879553,233.63.59.33,192.168.1.1,TCP,0
282,627.8279776836273,216.244.52.3,192.168.1.1,TCP,1
574,3.943535653182311,137.187.132.26,192.168.1.1,UDP,0
740,372.38311373618643,234.168.87.32,192.168.1.1,TCP,1
855,8.668213753055051,5.228.16.50,192.168.1.1,UDP,0
1318,521.6629031911871,12.36.14.13,192.168.1.1,TCP,1
881,794.7460346449384,80.179.13.46,192.168.1.1,TCP,1
204,1.0591156322420197,43.143.103.80,192.168.1.1,ICMP,0
479,8.402295285411565,83.173.225.108,192.168.1.1,TCP,0
1000,3.090471274808571,232.208.155.120,192.168.1.1,UDP,0
783,2.167283752555763,174.200.200.178,192.168.1.1,ICMP,0
548,3.8342732710688017,96.140.75.216,192.168.1.1,ICMP,0
1146,4.190121054006583,68.143.30.85,192.168.1.1,TCP,0
1476,5.421030771778815,13.206.174.208,192.168.1.1,UDP,0
1378,6.355573761965437,99.250.126.87,192.168.1.1,ICMP,0
267,5.701732311427461,143.35.134.226,192.168.1.1,ICMP,0
350,0.8160849360967601,253.36.219.172,192.168.1.1,TCP,0
915,8.384880633196392,194.85.19.218,192.168.1.1,TCP,0
1419,7.053833581200773,63.99.134.51,192.168.1.1,TCP,0
141,184.4447303127684,216.233.250.11,192.168.1.1,TCP,1
698,0.11765521229562244,34.80.64.182,192.168.1.1,UDP,0
548,267.1348326744386,242.181.6.37,192.168.1.1,TCP,1
768,0.86560768946059,44.122.75.172,192.168.1.1,ICMP,0
146,118.09033724456978,207.149.211.4,192.168.1.1,TCP,1
826,8.537583367355493,242.8.152.197,192.168.1.1,ICMP,0
1135,4.296870681686705,253.183.153.104,192.168.1.1,ICMP,0
248,8.425783863947256,164.91.73.138,192.168.1.1,TCP,0
244,316.733474069022,115.152.87.19,192.168.1.1,TCP,1
1107,0.20688480003210805,197.220.87.104,192.168.1.1,TCP,0
1269,7.683017617928391,124.31.225.79,192.168.1.1,TCP,0
183,8.105768584349255,230.47.123.83,192.168.1.1,ICMP,0
854,1.585499697862236,231.150.177.39,192.168.1.1,ICMP,0
1179,8.768268552211058,83.235.233.24,192.168.1.1,UDP,0
136,8.708019441128082,59.164.129.28,192.168.1.1,TCP,0
1283,792.6253889120835,183.133.165.4,192.168.1.1,TCP,1
100,4.488610698538524,213.213.241.54,192.168.1.1,ICMP,0
686,1.1206276907717567,181.204.85.89,192.168.1.1,TCP,0
1106,0.1201187625065543,158.127.111.166,192.168.1.1,TCP,0
1335,2.674911958078832,188.40.93.210,192.168.1.1,ICMP,0
1405,941.2398980761118,253.250.151.24,192.168.1.1,TCP,1
272,750.4903348846192,98.50.101.2,192.168.1.1,TCP,1
1040,7.265158874219551,33.233.106.60,192.168.1.1,ICMP,0
300,2.7716594987006506,226.21.85.57,192.168.1.1,UDP,0
1244,6.406236605869665,15.101.29.195,192.168.1.1,TCP,0
702,725.3205168766228,134.102.106.5,192.168.1.1,TCP,1
1316,3.595029342652878,67.66.232.174,192.168.1.1,UDP,0
698,8.992364783457784,198.40.225.4,192.168.1.1,TCP,0
165,2.3858808623365335,21.11.22.104,192.168.1.1,UDP,0
1359,4.82021219363623,101.39.237.110,192.168.1.1,UDP,0
1320,7.1758794449214,132.73.35.112,192.168.1.1,TCP,0
1007,1.4598337235395882,131.246.151.93,192.168.1.1,UDP,0
1433,6.438930642961268,115.103.27.195,192.168.1.1,UDP,0
643,378.0589609409587,182.174.7.37,192.168.1.1,TCP,1
1456,9.135746452820024,104.13.56.76,192.168.1.1,UDP,0
1056,5.841390984082084,218.238.11.10,192.168.1.1,TCP,0
1028,8.453350278742175,115.182.221.68,192.168.1.1,UDP,0
363,2.3586511704814304,230.150.178.25,192.168.1.1,ICMP,0
1280,3.862630864489684,233.235.182.94,192.168.1.1,TCP,0
1050,9.364101992239146,225.230.176.126,192.168.1.1,TCP,0
1368,0.15027487891426838,232.39.25.124,192.168.1.1,ICMP,0
1348,270.89512611665657,18.53.213.13,192.168.1.1,TCP,1
1143,1.0221026137294766,131.6.141.35,192.168.1.1,UDP,0
288,2.4332346942704475,162.95.248.217,192.168.1.1,UDP,0
980,6.991391047311024,170.113.243.85,192.168.1.1,ICMP,0
1345,874.4053949602102,245.115.194.18,192.168.1.1,TCP,1
684,1.7386794323593613,230.216.225.154,192.168.1.1,ICMP,0
1223,9.25454358021255,26.138.213.13,192.168.1.1,UDP,0
277,440.54763605551256,140.22.236.21,192.168.1.1,TCP,1
518,2.6364517054493786,172.192.169.90,192.168.1.1,TCP,0
1120,2.691256871299193,210.114.214.104,192.168.1.1,ICMP,0
200,3.183525290514652,56.235.55.142,192.168.1.1,TCP,0
871,0.37284425589077597,193.122.250.111,192.168.1.1,ICMP,0
1294,2.947577398464367,251.119.175.145,192.168.1.1,ICMP,0
1144,5.956012866869309,197.109.106.64,192.168.1.1,TCP,0
1275,4.289564904778683,214.63.99.68,192.168.1.1,ICMP,0
572,8.431577734899113,175.3.176.16,192.168.1.1,TCP,0
1250,5.405425318652677,179.147.24.134,192.168.1.1,UDP,0
373,8.375055823917593,102.9.14.38,192.168.1.1,TCP,0
1439,649.3107479747914,174.77.132.33,192.168.1.1,TCP,1
876,558.8163239383409,213.69.211.21,192.168.1.1,TCP,1
1364,5.4685642860294195,101.37.53.41,192.168.1.1,ICMP,0
339,0.27585169505794166,179.102.247.204,192.168.1.1,TCP,0
374,7.332521978632126,33.247.211.178,192.168.1.1,TCP,0
1039,1.4167870885096874,180.201.40.24,192.168.1.1,UDP,0
152,6.96593612603018,191.205.124.71,192.168.1.1,UDP,0
700,6.457055384149522,146.27.175.164,192.168.1.1,ICMP,0
358,3.620407789113922,194.218.100.237,192.168.1.1,TCP,0
884,9.77175001273808,146.244.139.52,192.168.1.1,ICMP,0
936,0.31826844687356826,11.31.160.91,192.168.1.1,ICMP,0
666,6.466100867174406,183.130.161.148,192.168.1.1,ICMP,0
955,2.159644798771438,189.159.37.37,192.168.1.1,UDP,0
541,5.2729896733646715,45.255.163.29,192.168.1.1,ICMP,0
857,9.812178564069988,61.55.128.143,192.168.1.1,ICMP,0
562,3.8283658271728696,217.159.104.150,192.168.1.1,UDP,0
887,4.051161706311898,217.212.171.249,192.168.1.1,ICMP,0
367,7.901343312234835,216.229.120.38,192.168.1.1,ICMP,0
410,5.76353405770597,156.183.245.69,192.168.1.1,ICMP,0
505,4.664446645659574,194.72.192.3,192.168.1.1,TCP,0
155,3.6568429774785294,60.138.87.83,192.168.1.1,TCP,0
806,5.383825215624531,78.29.209.187,192.168.1.1,UDP,0
1043,4.4563683178011,119.81.49.243,192.168.1.1,UDP,0
822,3.807291575525182,182.133.197.245,192.168.1.1,UDP,0
214,6.838071981920729,203.222.170.191,192.168.1.1,ICMP,0
1276,2.1801400313796964,181.247.116.110,192.168.1.1,TCP,0
687,3.411305761063414,183.102.172.110,192.168.1.1,TCP,0
1364,6.230770204585509,148.44.3.200,192.168.1.1,ICMP,0
1187,8.382596749289533,190.224.26.194,192.168.1.1,ICMP,0
494,1.510630507132426,85.85.39.21,192.168.1.1,ICMP,0
636,5.103691816006961,198.25.84.70,192.168.1.1,UDP,0
1002,2.813471122543617,144.38.70.4,192.168.1.1,TCP,0
232,0.508480112895163,17.2.18.170,192.168.1.1,UDP,0
458,8.44077712829165,22.227.74.199,192.168.1.1,UDP,0
996,9.17566828866893,185.35.178.149,192.168.1.1,ICMP,0
833,1.141856332248369,150.52.241.12,192.168.1.1,ICMP,0
969,300.6113031873908,13.219.191.31,192.168.1.1,TCP,1
565,682.5560535980425,213.108.127.16,192.168.1.1,TCP,1
277,9.002460720532932,158.245.2.241,192.168.1.1,TCP,0
1388,5.186464809990112,87.97.29.87,192.168.1.1,ICMP,0
1402,9.804697304973226,82.19.246.125,192.168.1.1,UDP,0
1490,0.4795651923546208,118.193.78.117,192.168.1.1,ICMP,0
359,3.8334679329436714,144.15.178.158,192.168.1.1,UDP,0
560,5.855269068383644,195.152.32.24,192.168.1.1,TCP,0
1245,795.6473237108877,143.110.49.24,192.168.1.1,TCP,1
444,3.5647524141154556,52.133.44.155,192.168.1.1,UDP,0
313,144.57352474317474,99.246.43.38,192.168.1.1,TCP,1
1218,694.4960274018895,96.230.163.41,192.168.1.1,TCP,1
1321,750.7266312240279,240.148.213.41,192.168.1.1,TCP,1
1332,8.550180957741153,139.191.158.100,192.168.1.1,UDP,0
961,8.21537491602793,108.18.249.173,192.168.1.1,TCP,0
1310,662.1589571416688,58.172.107.43,192.168.1.1,TCP,1
410,0.7860810873516825,167.44.31.17,192.168.1.1,TCP,0
314,4.361433573066235,131.157.43.49,192.168.1.1,UDP,0
958,0.2687061458981022,46.239.101.75,192.168.1.1,ICMP,0
133,630.1990028978843,58.204.37.2,192.168.1.1,TCP,1
171,8.732577074110155,132.129.204.52,192.168.1.1,ICMP,0
1032,987.6169308522798,175.115.154.29,192.168.1.1,TCP,1
245,824.1260216867971,178.105.255.36,192.168.1.1,TCP,1
1445,911.791449952012,242.239.28.15,192.168.1.1,TCP,1
1361,5.9345783920075545,11.67.69.78,192.168.1.1,TCP,0
258,4.785214514744094,150.112.32.177,192.168.1.1,TCP,0
849,2.19729148089211,143.117.188.58,192.168.1.1,TCP,0
1306,0.33890872345259326,186.197.47.75,192.168.1.1,TCP,0
480,389.5167613825405,219.246.223.1,192.168.1.1,TCP,1
86,1.9899878404070515,13.86.177.45,192.168.1.1,TCP,0
1276,9.63046720799554,8.209.32.251,192.168.1.1,TCP,0
925,4.7768904418685505,177.181.229.108,192.168.1.1,ICMP,0
947,8.52050614402196,129.246.231.129,192.168.1.1,ICMP,0
198,6.304179510471727,211.246.93.88,192.168.1.1,UDP,0
973,7.033251159456747,21.220.141.148,192.168.1.1,UDP,0
391,9.278858686691082,173.115.230.245,192.168.1.1,UDP,0
1284,5.5406975843242305,57.152.213.48,192.168.1.1,TCP,0
1196,8.480705250891848,100.34.192.226,192.168.1.1,ICMP,0
1015,0.38640567660839,230.86.189.5,192.168.1.1,UDP,0
1159,564.3586960900795,82.30.159.24,192.168.1.1,TCP,1
1256,9.8049831076777,117.101.31.5,192.168.1.1,UDP,0
1193,7.028269844011974,252.151.239.239,192.168.1.1,ICMP,0
528,8.338095806412717,34.197.225.42,192.168.1.1,UDP,0
634,3.119088165237906,180.112.162.251,192.168.1.1,TCP,0
199,8.965409324302149,149.165.214.205,192.168.1.1,TCP,0
1259,2.082556079587728,201.146.248.157,192.168.1.1,UDP,0
1207,9.300539472992407,57.255.8.202,192.168.1.1,ICMP,0
1150,9.861714694208457,153.44.221.84,192.168.1.1,TCP,0
727,7.988434409485498,26.236.185.170,192.168.1.1,ICMP,0
783,9.839323882467804,105.92.215.233,192.168.1.1,ICMP,0
253,7.766428761646064,231.110.186.169,192.168.1.1,UDP,0
1282,7.845402185702849,248.161.201.123,192.168.1.1,ICMP,0
1395,2.680261757627336,244.179.8.7,192.168.1.1,ICMP,0
190,1.8306185543882818,242.103.228.10,192.168.1.1,ICMP,0
877,4.5357605419659945,53.112.216.54,192.168.1.1,TCP,0
123,0.6614096138779533,215.107.217.151,192.168.1.1,ICMP,0
1330,3.969176467027404,27.146.212.55,192.168.1.1,UDP,0
633,5.379097797608972,63.59.172.191,192.168.1.1,TCP,0
124,146.93551189571684,3.217.84.19,192.168.1.1,TCP,1
997,9.345560484466533,83.224.28.23,192.168.1.1,UDP,0
1089,2.9403422523748546,8.14.112.227,192.168.1.1,ICMP,0
213,9.575113878248677,106.189.141.21,192.168.1.1,ICMP,0
787,9.481045332153405,176.108.66.150,192.168.1.1,UDP,0
1419,4.06249149624172,41.21.16.144,192.168.1.1,ICMP,0
539,0.6809682992142025,93.86.173.224,192.168.1.1,ICMP,0
1086,7.487133360331851,171.189.83.199,192.168.1.1,ICMP,0
352,3.3128354699631273,45.130.199.98,192.168.1.1,TCP,0
593,9.544183169325988,41.7.118.89,192.168.1.1,TCP,0
974,1.7289371519393186,238.18.234.36,192.168.1.1,UDP,0
195,3.542671407206949,33.181.83.137,192.168.1.1,ICMP,0
831,3.0761223238322217,69.100.185.207,192.168.1.1,UDP,0
1034,3.6430835017000094,107.54.87.154,192.168.1.1,ICMP,0
1415,2.4451387143785412,77.202.145.118,192.168.1.1,TCP,0
1151,1.1248219282827052,73.135.187.253,192.168.1.1,UDP,0
1113,2.8789050059185426,32.195.168.55,192.168.1.1,UDP,0
473,0.6419761709271644,95.92.43.39,192.168.1.1,TCP,0
696,2.807545557977213,46.13.254.79,192.168.1.1,UDP,0
538,7.577173098596821,45.127.162.91,192.168.1.1,ICMP,0
1065,7.792861948790276,6.112.204.179,192.168.1.1,TCP,0
1110,0.3347455198318225,118.94.243.106,192.168.1.1,TCP,0
253,4.443722156299416,76.73.139.155,192.168.1.1,TCP,0
836,6.123542835426672,28.60.74.16,192.168.1.1,TCP,0
138,4.422281416017709,119.19.123.97,192.168.1.1,ICMP,0
363,3.155781427721182,192.58.151.228,192.168.1.1,TCP,0
996,9.334534548571042,187.236.111.251,192.168.1.1,TCP,0
235,203.53301780167124,72.141.33.18,192.168.1.1,TCP,1
1203,9.263192039007164,186.185.228.48,192.168.1.1,ICMP,0
627,1.1750435247278925,75.112.225.38,192.168.1.1,UDP,0
391,5.9522640456424645,230.14.207.53,192.168.1.1,ICMP,0
1174,4.295354867099286,117.134.22.221,192.168.1.1,UDP,0
397,4.5613529122808645,159.99.211.204,192.168.1.1,TCP,0
1444,6.744802167173652,101.143.41.13,192.168.1.1,ICMP,0
1249,6.869594456458978,213.63.139.113,192.168.1.1,ICMP,0
582,5.134385296624706,67.173.177.99,192.168.1.1,ICMP,0
1412,602.4280659317908,200.124.206.39,192.168.1.1,TCP,1
918,3.33255756184883,55.148.94.250,192.168.1.1,ICMP,0
1197,2.8363128806338036,177.159.54.130,192.168.1.1,UDP,0
300,6.803678107764207,74.124.193.149,192.168.1.1,TCP,0
1000,7.1078091030246515,150.8.138.150,192.168.1.1,TCP,0
613,0.9555402221136826,177.84.171.227,192.168.1.1,ICMP,0
152,9.161350504838339,109.176.136.32,192.168.1.1,UDP,0
423,4.13137196938667,219.83.127.89,192.168.1.1,ICMP,0
170,3.1897165179727827,129.30.198.9,192.168.1.1,UDP,0
1373,407.22140021063274,37.170.16.29,192.168.1.1,TCP,1
1007,9.530670498687638,178.126.193.21,192.168.1.1,ICMP,0
227,2.3487080957219533,90.132.30.229,192.168.1.1,UDP,0
679,6.0170229537444175,226.180.186.123,192.168.1.1,UDP,0
662,4.87693868936112,115.70.211.3,192.168.1.1,TCP,0
713,312.14022602609487,66.6.66.6,192.168.1.1,TCP,1
573,5.2209176018207994,152.123.68.223,192.168.1.1,UDP,0
1498,8.77982303347807,231.140.43.200,192.168.1.1,ICMP,0
1366,6.2869648882144125,164.92.247.167,192.168.1.1,ICMP,0
1060,5.9247370062791305,54.169.231.226,192.168.1.1,TCP,0
1224,4.222034156955828,148.165.151.254,192.168.1.1,UDP,0
969,6.143360503539654,148.100.149.89,192.168.1.1,UDP,0
855,7.440113739336468,214.77.242.51,192.168.1.1,TCP,0
809,2.792141922592274,38.45.97.173,192.168.1.1,TCP,0
689,5.722140278969747,177.15.182.146,192.168.1.1,ICMP,0
798,1.7891420220758532,165.206.63.221,192.168.1.1,ICMP,0
269,4.4523966846497,225.210.49.244,192.168.1.1,TCP,0
1384,6.535739857592305,27.6.153.237,192.168.1.1,UDP,0
961,870.0090001940017,87.62.35.45,192.168.1.1,TCP,1
991,2.857571348840458,205.39.167.229,192.168.1.1,UDP,0
1348,6.913794247787872,115.137.33.208,192.168.1.1,ICMP,0
1195,8.723531735961604,88.145.250.1,192.168.1.1,ICMP,0
1320,7.970277691818741,133.132.175.23,192.168.1.1,UDP,0
143,7.041517674212653,91.107.16.61,192.168.1.1,UDP,0
872,9.278482600972808,144.93.170.81,192.168.1.1,UDP,0
1226,9.623810802245494,193.9.206.87,192.168.1.1,ICMP,0
1173,3.8893319723211817,217.48.66.99,192.168.1.1,ICMP,0
360,2.41731499621053,154.243.110.25,192.168.1.1,ICMP,0
783,4.744954528002162,117.87.220.57,192.168.1.1,UDP,0
1029,7.382259025372968,215.234.237.47,192.168.1.1,ICMP,0
237,5.255823240735455,186.41.231.245,192.168.1.1,TCP,0
211,3.3891704468532877,2.201.104.16,192.168.1.1,UDP,0
90,398.30641700396967,137.136.200.34,192.168.1.1,TCP,1
1015,6.9393527610257495,166.228.216.6,192.168.1.1,ICMP,0
1283,4.868293271663668,121.185.119.91,192.168.1.1,UDP,0
1076,642.5788590527434,151.160.184.34,192.168.1.1,TCP,1
1478,7.004726531435124,238.171.156.34,192.168.1.1,ICMP,0
126,7.838278420278855,41.203.147.185,192.168.1.1,ICMP,0
1112,4.721482604597913,190.185.239.42,192.168.1.1,UDP,0
1071,3.9165326376949166,67.158.234.176,192.168.1.1,ICMP,0
1155,2.6061189618988356,91.199.249.12,192.168.1.1,UDP,0
604,5.2970075466590325,69.184.17.239,192.168.1.1,ICMP,0
465,7.052762708303721,203.203.165.105,192.168.1.1,TCP,0
904,5.104551595192588,28.37.104.106,192.168.1.1,ICMP,0
695,4.770169330667474,148.43.218.227,192.168.1.1,ICMP,0
271,690.0277517115967,124.241.143.8,192.168.1.1,TCP,1
611,4.56353236979888,1.162.118.252,192.168.1.1,TCP,0
1433,1.5609604625873532,219.111.9.105,192.168.1.1,TCP,0
996,8.488474105653646,216.82.134.146,192.168.1.1,TCP,0
1476,268.69036419696795,58.6.84.28,192.168.1.1,TCP,1
127,6.093010636611642,241.27.118.219,192.168.1.1,TCP,0
271,7.248340298096149,1.131.163.246,192.168.1.1,TCP,0
171,6.194422783953138,182.216.133.44,192.168.1.1,TCP,0
674,8.233453622907213,109.206.18.49,192.168.1.1,ICMP,0
634,2.0656962163760273,151.103.60.120,192.168.1.1,TCP,0
416,7.9198352915964225,224.100.1.73,192.168.1.1,TCP,0
626,0.7056237349464812,176.81.160.248,192.168.1.1,ICMP,0
361,3.832431885194916,190.106.206.196,192.168.1.1,UDP,0
1217,461.5424752069974,93.54.65.6,192.168.1.1,TCP,1
1191,695.2268817190036,38.37.213.8,192.168.1.1,TCP,1
1016,4.613334768667136,254.9.38.62,192.168.1.1,UDP,0
1402,9.43348836069234,104.149.171.166,192.168.1.1,TCP,0
1147,0.5993155051841782,254.183.41.71,192.168.1.1,ICMP,0
981,850.6363982742987,202.76.83.15,192.168.1.1,TCP,1
804,9.856163426490403,45.141.109.112,192.168.1.1,TCP,0
363,4.765399608933977,14.49.34.222,192.168.1.1,UDP,0
754,4.814415798744816,132.25.3.42,192.168.1.1,UDP,0
799,0.234782583011856,19.198.59.36,192.168.1.1,ICMP,0
180,1.0470522765332744,183.112.116.251,192.168.1.1,ICMP,0
729,6.182103857151062,71.21.94.83,192.168.1.1,TCP,0
