packet_size,request_rate,source_ip,destination_ip,protocol_type
1499,4.866217843403901,13.121.56.144,192.168.1.1,ICMP
676,1.1531234846814635,90.75.184.211,192.168.1.1,ICMP
1258,4.273460746264246,207.20.160.254,192.168.1.1,UDP
675,3.855407475663112,144.72.105.73,192.168.1.1,ICMP
864,8.384004938784924,212.191.59.142,192.168.1.1,TCP
78,6.151566560399404,177.160.55.229,192.168.1.1,ICMP
1489,6.281940622486183,221.232.52.107,192.168.1.1,ICMP
402,2.3232728591966882,253.140.3.236,192.168.1.1,TCP
763,6.67028740358495,194.189.119.185,192.168.1.1,ICMP
1257,8.223514930680475,119.35.37.145,192.168.1.1,TCP
1296,8.852555436040658,250.34.111.53,192.168.1.1,ICMP
570,8.954441102342171,89.177.161.61,192.168.1.1,TCP
1354,6.071271685861636,255.243.56.87,192.168.1.1,TCP
265,4.965415779129771,28.217.90.116,192.168.1.1,UDP
156,6.839679046482478,104.76.64.64,192.168.1.1,UDP
681,1.661935774066377,233.26.193.126,192.168.1.1,ICMP
1480,6.522600794941016,244.10.28.41,192.168.1.1,TCP
1260,4.0148850053006315,16.234.51.108,192.168.1.1,ICMP
720,5.854571737668102,232.209.158.92,192.168.1.1,UDP
616,2.0695997317187658,7.159.54.8,192.168.1.1,TCP
1025,4.1921294127576285,179.103.3.136,192.168.1.1,TCP
1285,1.4179939317025771,51.165.34.73,192.168.1.1,UDP
1371,7.089908510778971,127.243.187.167,192.168.1.1,ICMP
513,5.443583069078432,227.244.102.190,192.168.1.1,UDP
1275,1.6644089389498506,17.163.49.197,192.168.1.1,ICMP
641,3.45196249664194,221.53.96.91,192.168.1.1,UDP
1117,3.654168023285536,251.80.205.63,192.168.1.1,TCP
114,7.851083053957029,76.26.74.133,192.168.1.1,UDP
282,4.712627108393861,169.30.236.53,192.168.1.1,UDP
501,4.827348131649253,185.81.189.42,192.168.1.1,TCP
297,7.300116719812449,129.222.71.164,192.168.1.1,UDP
115,0.16067814230595395,26.29.11.125,192.168.1.1,UDP
837,6.641316169009043,189.90.39.101,192.168.1.1,TCP
648,9.845658073862314,106.114.16.239,192.168.1.1,TCP
904,5.345605820638274,35.22.234.177,192.168.1.1,ICMP
84,2.19505229053543,210.146.175.206,192.168.1.1,TCP
1213,6.373203655266336,251.172.237.187,192.168.1.1,TCP
722,7.465666549193631,31.237.44.56,192.168.1.1,UDP
491,6.413689495700549,126.42.191.208,192.168.1.1,UDP
622,1.259595668365736,140.142.229.167,192.168.1.1,TCP
598,1.7292347209389232,153.237.38.197,192.168.1.1,TCP
759,9.826325422703695,1.64.76.46,192.168.1.1,TCP
615,2.9074033938180786,85.196.161.154,192.168.1.1,UDP
172,4.258438301884146,173.84.169.65,192.168.1.1,TCP
377,9.249707522066632,159.99.43.187,192.168.1.1,ICMP
257,8.44548022426399,240.30.88.219,192.168.1.1,ICMP
1142,5.796843472934294,196.152.105.51,192.168.1.1,UDP
1388,7.1107798380223155,214.109.29.173,192.168.1.1,TCP
594,7.667555232971398,84.88.106.15,192.168.1.1,UDP
1185,3.523331165154484,249.144.155.23,192.168.1.1,ICMP
295,0.3354949339761599,201.172.57.202,192.168.1.1,UDP
685,8.974548856415707,217.127.7.201,192.168.1.1,UDP
913,2.17674402267839,126.15.128.60,192.168.1.1,UDP
271,0.5816899586773339,84.195.23.151,192.168.1.1,UDP
899,4.433960351679655,147.202.106.100,192.168.1.1,TCP
1341,0.7314529960622632,245.246.63.139,192.168.1.1,ICMP
1437,1.0927414265709896,220.123.224.45,192.168.1.1,UDP
526,1.5169462274107357,34.235.41.180,192.168.1.1,TCP
1023,7.64306530945382,178.164.174.2,192.168.1.1,ICMP
726,7.876054611683705,160.32.161.8,192.168.1.1,UDP
107,3.5240793652173883,164.71.71.24,192.168.1.1,ICMP
1417,7.021663095596218,197.209.244.254,192.168.1.1,UDP
1259,2.763041094251013,71.180.195.254,192.168.1.1,ICMP
1112,2.2533848755998,102.202.22.61,192.168.1.1,ICMP
701,8.941778608665816,13.48.202.247,192.168.1.1,TCP
351,9.542065017476755,132.177.173.159,192.168.1.1,UDP
789,7.8023466859444035,144.188.196.255,192.168.1.1,ICMP
231,5.666656634292481,204.112.174.199,192.168.1.1,TCP
1430,0.9981685411451323,68.132.157.71,192.168.1.1,TCP
352,9.48018879619964,58.237.186.152,192.168.1.1,ICMP
387,5.494622579070295,203.60.9.218,192.168.1.1,TCP
1224,4.043569631290167,115.99.206.191,192.168.1.1,UDP
370,2.0968091021308672,50.228.214.161,192.168.1.1,UDP
1078,5.495392153395284,148.68.5.250,192.168.1.1,ICMP
1252,5.113744299871595,233.31.40.111,192.168.1.1,TCP
1167,4.4957754756636295,181.194.96.212,192.168.1.1,UDP
469,6.714671927880876,115.29.91.67,192.168.1.1,UDP
466,0.9430400878418206,52.237.148.254,192.168.1.1,UDP
661,5.186731164007564,199.192.44.33,192.168.1.1,ICMP
473,4.518986344618871,242.49.57.115,192.168.1.1,ICMP
1182,0.11222988041184032,18.86.230.225,192.168.1.1,UDP
1265,7.195288854147513,200.161.12.114,192.168.1.1,UDP
1226,6.471653611140662,89.138.139.134,192.168.1.1,TCP
883,6.469028850823425,32.239.51.227,192.168.1.1,ICMP
1376,5.455562255309785,166.213.228.208,192.168.1.1,TCP
1462,7.434909254860666,127.236.122.106,192.168.1.1,TCP
1412,6.888285183106008,15.137.9.182,192.168.1.1,ICMP
1154,0.29759647564007136,204.255.37.188,192.168.1.1,ICMP
723,2.999785242156866,64.191.126.109,192.168.1.1,UDP
1046,8.70277466787579,117.97.127.127,192.168.1.1,UDP
770,7.289877599886968,252.62.211.97,192.168.1.1,ICMP
306,5.127186311943441,157.192.50.218,192.168.1.1,UDP
688,4.20427393675764,238.160.39.166,192.168.1.1,TCP
334,5.835955780827297,53.79.204.254,192.168.1.1,UDP
880,6.503575654671557,186.255.205.154,192.168.1.1,TCP
828,9.227555796306767,137.187.39.90,192.168.1.1,ICMP
1089,7.4523876271504195,150.126.46.40,192.168.1.1,UDP
254,0.3163230078759611,7.38.141.26,192.168.1.1,UDP
474,3.294484845571069,86.32.135.62,192.168.1.1,TCP
1280,8.648942319555156,4.137.231.125,192.168.1.1,UDP
301,0.1843964197427289,232.210.238.176,192.168.1.1,UDP
507,3.997144870728228,51.220.44.229,192.168.1.1,ICMP
1390,6.8291646612773675,192.118.185.139,192.168.1.1,ICMP
1441,5.770080856015601,187.158.98.101,192.168.1.1,UDP
600,3.34376318270153,230.121.36.79,192.168.1.1,UDP
750,7.724178432842357,169.240.92.249,192.168.1.1,ICMP
1038,5.83820177579429,12.93.10.160,192.168.1.1,TCP
1193,6.153444800104342,102.238.234.53,192.168.1.1,UDP
218,5.034126386363614,189.145.15.79,192.168.1.1,ICMP
368,1.522883775110048,213.255.80.166,192.168.1.1,ICMP
1297,9.250651956582955,88.66.250.152,192.168.1.1,TCP
480,5.742278214804919,202.29.202.141,192.168.1.1,ICMP
1289,4.050033331885071,141.116.166.5,192.168.1.1,UDP
1302,7.47792875685133,98.30.118.138,192.168.1.1,ICMP
450,2.094150201897591,6.182.158.129,192.168.1.1,TCP
908,7.537333931424824,140.238.21.240,192.168.1.1,ICMP
110,8.746538158800796,255.61.197.11,192.168.1.1,TCP
572,5.853428824664599,77.193.149.120,192.168.1.1,UDP
777,1.6966336120170844,238.92.128.145,192.168.1.1,ICMP
683,6.631248919861562,203.186.14.53,192.168.1.1,UDP
637,4.933543430293684,207.188.132.134,192.168.1.1,ICMP
505,1.0402289609232849,182.103.205.105,192.168.1.1,TCP
269,6.766264214780681,100.112.156.140,192.168.1.1,ICMP
1229,6.6454069374452835,95.30.75.165,192.168.1.1,UDP
687,1.009490569806561,54.233.154.36,192.168.1.1,TCP
1268,6.243568450385883,191.171.142.108,192.168.1.1,TCP
543,6.310464805333354,254.180.86.92,192.168.1.1,ICMP
716,3.563987838426846,143.38.47.229,192.168.1.1,TCP
528,9.347518537246364,182.251.126.218,192.168.1.1,TCP
1338,8.30213109284057,213.52.136.221,192.168.1.1,ICMP
1107,9.473474066501993,160.202.19.132,192.168.1.1,ICMP
984,9.162573740241262,188.153.76.232,192.168.1.1,ICMP
313,3.1728266325964425,47.78.25.47,192.168.1.1,TCP
953,1.8799541768804733,100.205.254.44,192.168.1.1,TCP
207,6.519706629672374,157.174.158.229,192.168.1.1,ICMP
994,8.403745404264084,151.120.43.199,192.168.1.1,TCP
1233,8.120540637961511,57.247.28.184,192.168.1.1,TCP
76,5.843581941362023,194.22.52.174,192.168.1.1,ICMP
687,4.034495859040084,222.69.45.88,192.168.1.1,TCP
1441,6.459952156147189,245.143.192.110,192.168.1.1,TCP
176,4.5895150503245965,38.148.159.133,192.168.1.1,TCP
282,8.384079139751956,17.68.12.118,192.168.1.1,UDP
603,3.237523883686371,24.121.248.243,192.168.1.1,TCP
486,7.46505298831623,174.208.121.70,192.168.1.1,TCP
703,8.72632457230457,167.202.178.181,192.168.1.1,ICMP
750,4.64261327750098,212.105.28.146,192.168.1.1,UDP
525,9.411999204315178,167.63.161.190,192.168.1.1,ICMP
671,5.807715908547599,223.70.173.93,192.168.1.1,TCP
730,9.50438054790259,217.216.141.32,192.168.1.1,TCP
832,4.5579397196726505,126.180.23.75,192.168.1.1,TCP
465,7.284337038131178,248.168.210.52,192.168.1.1,ICMP
1220,7.787755270818849,103.210.121.55,192.168.1.1,TCP
582,8.99333154290435,29.105.6.9,192.168.1.1,UDP
823,4.0788927888588535,144.153.136.223,192.168.1.1,TCP
524,0.33295125037072426,146.94.162.243,192.168.1.1,TCP
1061,6.675439071295981,79.210.192.69,192.168.1.1,ICMP
66,6.791212898706883,255.38.215.72,192.168.1.1,TCP
314,5.216243278853595,57.2.233.252,192.168.1.1,ICMP
243,1.6845355837241005,54.94.67.126,192.168.1.1,TCP
839,8.83265268119192,199.168.95.89,192.168.1.1,TCP
383,6.8451843179799114,108.48.17.120,192.168.1.1,ICMP
423,8.132861093228055,37.229.150.84,192.168.1.1,TCP
240,6.62960678509214,3.19.161.203,192.168.1.1,TCP
1134,8.185922809995208,227.73.142.18,192.168.1.1,TCP
788,2.976486440042236,52.50.28.76,192.168.1.1,ICMP
544,3.8651097493484476,169.238.91.134,192.168.1.1,UDP
760,2.227448330529803,234.117.19.99,192.168.1.1,TCP
671,7.913517731793582,101.143.77.176,192.168.1.1,TCP
1388,6.161235823969041,169.243.42.120,192.168.1.1,UDP
361,2.4533513237216833,1.119.87.145,192.168.1.1,UDP
1046,3.263174361296557,149.230.139.112,192.168.1.1,UDP
103,0.16153924392032262,118.208.32.123,192.168.1.1,TCP
83,0.3166558059857928,98.239.225.212,192.168.1.1,TCP
1038,8.04204424601789,144.46.128.127,192.168.1.1,ICMP
226,3.8634661374940404,228.89.158.174,192.168.1.1,ICMP
1240,7.963472139428089,190.252.38.186,192.168.1.1,ICMP
1154,3.429603694172044,75.27.158.65,192.168.1.1,TCP
827,0.8116422379755929,123.68.180.236,192.168.1.1,TCP
1266,2.4329601364244686,239.26.179.68,192.168.1.1,ICMP
662,9.280255663039943,110.76.27.67,192.168.1.1,TCP
1271,6.317059289029956,9.90.174.83,192.168.1.1,ICMP
369,3.3308586032498764,98.134.35.247,192.168.1.1,UDP
978,9.62407163610608,234.52.59.36,192.168.1.1,TCP
1086,0.74798039254897,142.185.229.121,192.168.1.1,ICMP
394,7.5894763973322235,223.142.240.103,192.168.1.1,UDP
1439,3.3709614354474065,39.93.174.153,192.168.1.1,UDP
851,4.435739003721766,179.197.56.229,192.168.1.1,TCP
719,5.4848958125851635,223.97.99.235,192.168.1.1,UDP
1359,7.041155333662906,228.178.162.221,192.168.1.1,TCP
945,0.3959715145096806,60.235.121.23,192.168.1.1,UDP
274,9.785088417733602,48.219.251.157,192.168.1.1,UDP
757,9.527914775375272,252.238.126.138,192.168.1.1,UDP
110,2.227085352930245,72.1.165.37,192.168.1.1,ICMP
1048,8.201071438093349,89.134.154.34,192.168.1.1,UDP
182,2.6176929541082923,115.82.72.200,192.168.1.1,UDP
1172,2.633167656666546,178.5.137.41,192.168.1.1,UDP
312,1.282162157038167,70.139.150.187,192.168.1.1,ICMP
119,7.919254130684944,1.52.12.216,192.168.1.1,ICMP
1167,3.2367960601343397,83.160.199.201,192.168.1.1,TCP
137,3.7496890590495804,187.17.213.23,192.168.1.1,TCP
1445,4.540992759751455,23.189.203.62,192.168.1.1,ICMP
1041,8.445205035657516,115.37.116.191,192.168.1.1,UDP
962,4.750923326207127,105.12.239.220,192.168.1.1,ICMP
940,6.129704179916191,155.159.209.150,192.168.1.1,TCP
1139,7.174519842330808,147.218.113.124,192.168.1.1,ICMP
295,9.668381841686173,141.136.176.222,192.168.1.1,TCP
1037,8.266406282174323,33.18.134.114,192.168.1.1,TCP
207,6.0637372021719935,95.18.83.176,192.168.1.1,UDP
892,4.628544289016802,52.29.96.50,192.168.1.1,UDP
1370,9.038881230473047,188.131.171.191,192.168.1.1,TCP
855,2.9172624065597947,237.77.151.147,192.168.1.1,ICMP
198,5.053164618391541,119.255.217.153,192.168.1.1,UDP
153,0.3198734812003912,61.169.142.50,192.168.1.1,TCP
914,1.9820959168696137,100.206.212.58,192.168.1.1,UDP
1308,3.5418388396360583,25.22.196.241,192.168.1.1,TCP
457,7.7080096463262935,202.13.8.122,192.168.1.1,TCP
764,4.5658248218313116,235.238.113.141,192.168.1.1,UDP
709,5.03156791333486,38.11.80.39,192.168.1.1,UDP
977,4.679804406025239,44.82.228.171,192.168.1.1,TCP
172,0.8109656741075124,103.145.157.104,192.168.1.1,ICMP
177,5.4594286026641585,15.212.55.66,192.168.1.1,TCP
1079,1.976415429713917,180.112.20.248,192.168.1.1,UDP
273,9.700733680789481,185.166.218.104,192.168.1.1,TCP
353,7.3622862639974525,32.42.84.110,192.168.1.1,TCP
1451,2.8433725026803565,77.161.119.24,192.168.1.1,ICMP
1453,7.803002164434199,9.124.105.78,192.168.1.1,ICMP
758,9.001740642483462,241.122.21.144,192.168.1.1,ICMP
1146,1.5610258270331447,20.184.157.27,192.168.1.1,TCP
398,5.575585268160642,101.189.131.23,192.168.1.1,TCP
749,7.560553703388638,208.111.181.124,192.168.1.1,TCP
1377,9.784607104648423,29.139.201.232,192.168.1.1,ICMP
931,9.549236866006092,217.92.17.125,192.168.1.1,TCP
725,0.104674426236433,83.210.22.119,192.168.1.1,UDP
857,5.821422392492096,173.169.17.157,192.168.1.1,ICMP
784,3.552236073494919,177.143.113.15,192.168.1.1,ICMP
657,3.2257459356112994,79.48.242.135,192.168.1.1,ICMP
553,7.134359815541344,135.115.91.42,192.168.1.1,TCP
1465,6.747131535879123,69.79.144.107,192.168.1.1,UDP
1200,6.14314925172449,28.151.180.176,192.168.1.1,ICMP
916,2.2719146893971507,205.109.179.13,192.168.1.1,ICMP
948,5.346912481674402,166.247.169.93,192.168.1.1,UDP
1491,8.007456600046035,239.134.132.125,192.168.1.1,TCP
195,2.729123991473866,148.18.228.72,192.168.1.1,UDP
544,0.9313682078307878,30.205.62.188,192.168.1.1,UDP
492,5.593822012159733,146.187.218.215,192.168.1.1,UDP
443,2.4530387045820063,174.201.252.81,192.168.1.1,TCP
260,3.0997052477192115,84.102.8.102,192.168.1.1,TCP
82,8.181437232454185,3.155.16.128,192.168.1.1,TCP
704,2.7545636200225725,97.241.148.163,192.168.1.1,ICMP
117,3.7752585725088457,143.124.44.217,192.168.1.1,UDP
851,9.279738375037287,17.137.49.221,192.168.1.1,ICMP
352,5.834333587807472,92.81.170.39,192.168.1.1,UDP
1383,4.315140310643139,15.204.62.73,192.168.1.1,TCP
544,3.9829922184963404,7.64.128.177,192.168.1.1,ICMP
973,3.9654729186221824,233.152.191.132,192.168.1.1,UDP
1178,4.788095304304458,168.154.161.197,192.168.1.1,UDP
635,8.4037145493867,197.105.51.173,192.168.1.1,UDP
1410,4.706946864158559,128.187.79.103,192.168.1.1,ICMP
815,0.20831451082533847,45.10.249.8,192.168.1.1,TCP
518,2.4244652209544704,137.144.45.208,192.168.1.1,ICMP
453,9.517317303216306,27.211.162.160,192.168.1.1,UDP
136,9.960602794017397,237.193.240.101,192.168.1.1,UDP
173,2.8303555726104417,87.230.27.49,192.168.1.1,ICMP
89,3.09348576215353,232.160.194.211,192.168.1.1,UDP
934,3.5767860439844155,213.87.207.217,192.168.1.1,UDP
1262,2.823317498712819,214.237.228.172,192.168.1.1,UDP
1311,3.818665456724619,158.26.71.33,192.168.1.1,TCP
1327,8.803554260442342,41.63.139.54,192.168.1.1,UDP
957,1.7662191545586725,88.204.28.34,192.168.1.1,UDP
656,9.991667037307023,56.70.143.233,192.168.1.1,UDP
565,5.611862786678528,65.67.163.118,192.168.1.1,ICMP
1098,5.648589537988717,6.133.207.94,192.168.1.1,ICMP
845,3.286517563292366,228.253.88.9,192.168.1.1,TCP
1059,4.0308301665540585,13.157.90.193,192.168.1.1,ICMP
312,0.8879561203068553,150.117.39.27,192.168.1.1,ICMP
1328,6.128813453713102,233.178.200.14,192.168.1.1,ICMP
1376,0.7882984767052658,36.138.117.124,192.168.1.1,UDP
829,3.4538778352378623,93.10.180.120,192.168.1.1,UDP
862,8.746041718274784,95.104.187.113,192.168.1.1,TCP
973,5.843756792684239,226.207.234.203,192.168.1.1,ICMP
648,7.005586167688559,57.56.19.231,192.168.1.1,TCP
1279,1.6528261971095983,15.11.112.251,192.168.1.1,TCP
1297,1.4387542794684711,125.181.189.85,192.168.1.1,ICMP
707,5.102753450237344,230.52.196.167,192.168.1.1,TCP
815,6.589377597618944,182.78.119.159,192.168.1.1,ICMP
1000,6.90590007314904,54.201.71.137,192.168.1.1,UDP
217,7.57054347779378,202.163.227.255,192.168.1.1,TCP
361,5.258251150628948,10.113.104.169,192.168.1.1,TCP
790,1.1242729288551758,109.71.31.244,192.168.1.1,TCP
1303,9.803972706704123,181.123.233.191,192.168.1.1,TCP
314,2.0124628754743856,216.134.8.182,192.168.1.1,UDP
238,8.97818845128501,206.187.64.158,192.168.1.1,UDP
944,8.125709174302877,78.52.42.92,192.168.1.1,UDP
927,3.401255969286452,174.227.167.52,192.168.1.1,UDP
1355,9.685759951128519,54.101.166.157,192.168.1.1,TCP
499,3.4607965451250506,175.93.192.193,192.168.1.1,TCP
446,6.983349286709965,167.20.149.200,192.168.1.1,ICMP
568,4.1666327168748705,72.76.143.91,192.168.1.1,UDP
714,4.176600025725564,162.141.21.158,192.168.1.1,TCP
1204,8.303669128762024,55.75.96.40,192.168.1.1,ICMP
1093,3.258398265386468,225.232.250.153,192.168.1.1,TCP
1112,9.371874797279405,51.85.157.233,192.168.1.1,TCP
583,8.950735553101431,248.21.133.28,192.168.1.1,UDP
1197,6.96182157334177,245.60.21.98,192.168.1.1,UDP
1293,9.951815724386908,82.118.254.116,192.168.1.1,TCP
816,3.09776854747419,136.147.57.28,192.168.1.1,UDP
1279,5.184147585053585,210.182.13.241,192.168.1.1,ICMP
109,1.2244881506866334,147.245.4.241,192.168.1.1,TCP
634,7.352895560624595,40.237.164.57,192.168.1.1,TCP
705,9.984458123815642,245.73.216.14,192.168.1.1,TCP
151,5.129285452147744,121.174.121.40,192.168.1.1,TCP
92,7.67042845218813,210.97.49.87,192.168.1.1,ICMP
257,0.4062551104205143,236.196.127.130,192.168.1.1,UDP
1178,6.384345405425046,80.106.201.246,192.168.1.1,UDP
463,3.250253965543761,255.58.117.247,192.168.1.1,TCP
141,6.623599669223045,200.232.251.132,192.168.1.1,TCP
868,5.165750173126684,158.49.186.83,192.168.1.1,TCP
296,9.363111720720326,134.247.121.169,192.168.1.1,ICMP
678,1.8464981590429106,153.112.230.255,192.168.1.1,UDP
885,1.6369285051365248,212.173.149.79,192.168.1.1,ICMP
93,3.3499050952232317,238.68.52.66,192.168.1.1,ICMP
1005,6.647358004624179,199.63.241.105,192.168.1.1,UDP
220,1.9338628080984288,174.167.67.71,192.168.1.1,TCP
682,5.746093220161397,98.46.136.231,192.168.1.1,TCP
64,8.458554142723408,93.207.177.103,192.168.1.1,UDP
1242,9.585123625441963,220.224.219.222,192.168.1.1,UDP
95,1.7064353562848327,185.89.215.35,192.168.1.1,ICMP
237,6.621949518684243,6.173.110.196,192.168.1.1,UDP
71,3.247500959343368,72.240.67.65,192.168.1.1,ICMP
323,9.636876841159138,237.58.117.105,192.168.1.1,UDP
632,5.3595411165309,251.236.74.145,192.168.1.1,TCP
486,4.174860580259318,75.250.58.151,192.168.1.1,UDP
280,9.294339395775415,185.94.88.170,192.168.1.1,TCP
317,9.187891365857125,113.13.255.41,192.168.1.1,ICMP
957,5.040737981586892,72.94.9.53,192.168.1.1,ICMP
333,7.007926256097366,117.233.71.35,192.168.1.1,ICMP
1216,9.978664886261111,135.92.207.16,192.168.1.1,UDP
1491,4.379350681150472,10.169.180.79,192.168.1.1,TCP
504,3.292781854021483,143.153.127.234,192.168.1.1,ICMP
101,7.912074405114442,178.154.135.19,192.168.1.1,ICMP
405,1.26918575157176,124.160.161.46,192.168.1.1,ICMP
1238,4.978866413003517,208.215.89.187,192.168.1.1,UDP
642,5.811468121038988,99.44.102.100,192.168.1.1,UDP
531,4.645937352697745,90.185.154.13,192.168.1.1,TCP
912,9.338279739615654,159.62.150.88,192.168.1.1,ICMP
422,0.991151006073588,101.98.6.188,192.168.1.1,ICMP
699,7.276509495519755,97.251.101.216,192.168.1.1,ICMP
142,6.219005525832767,86.221.157.166,192.168.1.1,UDP
947,7.20711816944788,109.13.78.64,192.168.1.1,TCP
292,3.13031278770583,60.133.51.59,192.168.1.1,UDP
190,6.385884953439274,156.225.16.50,192.168.1.1,ICMP
788,7.330792203795996,71.72.77.81,192.168.1.1,ICMP
334,9.521024287689471,250.123.172.64,192.168.1.1,ICMP
514,1.0736325046939657,230.204.12.164,192.168.1.1,TCP
706,7.557575557216703,85.167.150.8,192.168.1.1,UDP
1409,9.374087260310906,138.186.255.105,192.168.1.1,UDP
1344,4.234617993247194,208.174.135.236,192.168.1.1,UDP
1372,2.39816316414456,14.18.146.80,192.168.1.1,UDP
634,4.420792509127899,170.96.209.8,192.168.1.1,ICMP
1192,1.1462824948393837,221.167.254.87,192.168.1.1,TCP
204,6.543237636076683,25.110.170.99,192.168.1.1,UDP
412,7.6360015744826155,99.67.103.123,192.168.1.1,UDP
1321,7.948617404350785,9.26.214.158,192.168.1.1,TCP
198,1.163217610357059,241.189.47.220,192.168.1.1,UDP
89,9.021441845980798,201.250.40.154,192.168.1.1,TCP
588,0.4226343606567945,114.133.208.54,192.168.1.1,TCP
1126,5.296908486457419,96.5.147.131,192.168.1.1,UDP
344,6.479919203710127,116.161.102.198,192.168.1.1,UDP
442,3.4499591612003715,80.210.216.99,192.168.1.1,ICMP
838,3.384572630266887,82.89.249.136,192.168.1.1,TCP
102,0.644645481544256,194.237.230.65,192.168.1.1,TCP
308,5.930276927549695,233.85.241.80,192.168.1.1,ICMP
1155,9.146770902959108,164.191.83.94,192.168.1.1,UDP
1446,5.462564918205287,92.174.236.254,192.168.1.1,TCP
1456,1.8162788898619344,126.37.199.146,192.168.1.1,TCP
252,4.605404958885857,82.56.40.103,192.168.1.1,ICMP
576,6.817544236935749,136.254.245.107,192.168.1.1,ICMP
1383,4.674902747496791,82.118.254.227,192.168.1.1,ICMP
1213,8.956884092922584,74.38.39.247,192.168.1.1,UDP
794,6.93213581203362,254.52.51.146,192.168.1.1,UDP
732,4.694816422841353,178.160.165.156,192.168.1.1,ICMP
1263,6.2423199335878055,219.31.240.161,192.168.1.1,TCP
487,1.5382109604885208,83.51.223.24,192.168.1.1,ICMP
913,2.6237262876476724,144.219.205.147,192.168.1.1,TCP
1246,0.2999650697195193,248.46.130.193,192.168.1.1,TCP
493,1.4536394391585867,175.127.151.240,192.168.1.1,TCP
729,1.3334387937536187,237.160.48.203,192.168.1.1,TCP
1167,4.957416317049981,196.196.237.236,192.168.1.1,TCP
412,8.026827674151754,102.38.37.152,192.168.1.1,ICMP
695,9.666417557196493,208.113.79.172,192.168.1.1,UDP
551,5.749699629421001,206.98.178.33,192.168.1.1,TCP
71,8.285233987352228,186.221.209.60,192.168.1.1,ICMP
446,2.5420380925792037,221.38.120.8,192.168.1.1,TCP
88,5.57797508757407,248.170.122.11,192.168.1.1,ICMP
1244,8.749070133959934,161.132.92.220,192.168.1.1,UDP
151,5.4378236497270445,79.97.39.168,192.168.1.1,UDP
278,8.362581676520238,215.18.139.93,192.168.1.1,ICMP
1449,0.5115947365667606,162.105.23.247,192.168.1.1,UDP
233,1.1107985749001155,235.25.139.50,192.168.1.1,UDP
1304,6.024392827268928,15.170.206.64,192.168.1.1,ICMP
1463,6.0008796470564985,135.114.75.114,192.168.1.1,ICMP
906,0.6368553453855387,116.134.245.20,192.168.1.1,ICMP
589,4.750409719670412,156.35.201.252,192.168.1.1,TCP
738,4.199775731290248,66.201.101.145,192.168.1.1,TCP
96,2.622109691908771,208.98.199.132,192.168.1.1,TCP
1000,8.984574254918451,76.65.187.49,192.168.1.1,ICMP
102,2.1028170354054057,235.23.214.119,192.168.1.1,TCP
502,2.5117414349282994,251.5.238.30,192.168.1.1,UDP
411,2.7113837042441538,76.242.51.87,192.168.1.1,TCP
677,3.578957344593459,205.14.52.122,192.168.1.1,UDP
500,4.1385508007382565,11.11.170.252,192.168.1.1,TCP
930,0.9404996296584577,132.224.14.85,192.168.1.1,ICMP
361,3.0506779275097946,202.136.217.118,192.168.1.1,TCP
1025,3.875226544323539,101.230.28.199,192.168.1.1,UDP
1420,0.8983981048463899,205.125.134.183,192.168.1.1,UDP
376,0.44333087941787785,1.123.17.97,192.168.1.1,UDP
1277,7.074995234839946,94.76.91.62,192.168.1.1,ICMP
1150,2.5477332971478415,173.172.101.16,192.168.1.1,UDP
414,8.6297505850932,227.165.246.16,192.168.1.1,TCP
443,3.3856510198910073,161.85.53.246,192.168.1.1,ICMP
820,9.660336153950839,119.204.66.9,192.168.1.1,ICMP
1017,4.311228458916739,24.169.172.107,192.168.1.1,TCP
1308,8.312338464013596,53.8.222.75,192.168.1.1,ICMP
1149,3.5848363055368524,51.67.218.109,192.168.1.1,UDP
244,5.923678969910226,154.232.85.5,192.168.1.1,ICMP
375,0.1552707813904637,40.13.83.211,192.168.1.1,ICMP
617,7.709411520359136,205.34.185.126,192.168.1.1,ICMP
207,0.6540374549824798,218.242.108.120,192.168.1.1,UDP
840,2.5080489314264227,175.250.236.156,192.168.1.1,ICMP
1221,0.32774413705039895,194.40.202.166,192.168.1.1,ICMP
1186,7.485113507374824,92.39.167.10,192.168.1.1,UDP
732,5.8301426731834765,101.245.159.255,192.168.1.1,ICMP
1179,0.4761328406349572,186.229.213.82,192.168.1.1,ICMP
261,9.196914108916687,235.234.196.226,192.168.1.1,ICMP
891,8.53954497547371,255.167.115.225,192.168.1.1,TCP
593,5.94273318658895,12.37.191.10,192.168.1.1,ICMP
287,3.55393887553084,200.135.9.172,192.168.1.1,TCP
341,1.5719715905577,134.171.145.58,192.168.1.1,ICMP
687,8.965634956369419,25.29.191.37,192.168.1.1,ICMP
1172,7.656290227905203,57.119.217.116,192.168.1.1,UDP
576,1.426257823229375,69.173.8.142,192.168.1.1,ICMP
961,4.880119216296188,48.248.175.139,192.168.1.1,ICMP
209,2.4019578436130513,37.47.129.104,192.168.1.1,UDP
210,7.901959232940894,220.101.53.224,192.168.1.1,UDP
409,6.119119862354099,16.169.167.98,192.168.1.1,TCP
1147,0.5838272084406639,196.76.141.78,192.168.1.1,UDP
1111,7.124361374475424,157.212.189.79,192.168.1.1,TCP
423,8.563133632450542,247.238.88.118,192.168.1.1,UDP
514,3.348776630989486,248.248.109.189,192.168.1.1,ICMP
269,2.090377724602235,187.211.117.151,192.168.1.1,ICMP
749,0.2577138078733205,153.235.161.219,192.168.1.1,TCP
713,1.4452484088041226,182.167.25.63,192.168.1.1,TCP
1414,2.544731245835733,255.128.206.116,192.168.1.1,ICMP
1216,3.530971844807096,253.145.234.108,192.168.1.1,TCP
1163,6.498216576998859,254.192.1.215,192.168.1.1,TCP
1015,0.9700518657983689,217.76.34.128,192.168.1.1,ICMP
1091,3.3411227044525607,164.139.205.181,192.168.1.1,ICMP
340,4.018287339873501,15.197.158.92,192.168.1.1,UDP
1003,7.030258763647237,9.134.181.205,192.168.1.1,TCP
439,0.7948867827125092,239.125.43.249,192.168.1.1,TCP
432,9.325895982969184,74.97.59.154,192.168.1.1,UDP
1461,7.677388339761821,110.229.102.199,192.168.1.1,TCP
898,1.7929308773488948,11.88.66.122,192.168.1.1,ICMP
1152,2.441164270480635,177.144.48.85,192.168.1.1,ICMP
570,1.606196500189952,203.160.187.42,192.168.1.1,TCP
992,2.921061254462454,227.97.132.202,192.168.1.1,TCP
1152,5.263860193652065,20.56.8.71,192.168.1.1,UDP
862,8.844870426485697,52.132.113.6,192.168.1.1,UDP
1403,9.178851550913523,10.136.200.66,192.168.1.1,ICMP
766,0.45121753199192893,192.62.184.253,192.168.1.1,UDP
785,4.1550869623102225,60.25.209.50,192.168.1.1,UDP
668,3.6834762649395247,223.12.123.235,192.168.1.1,TCP
1302,3.470767708483345,8.126.112.188,192.168.1.1,TCP
973,3.5276076000543037,4.163.18.60,192.168.1.1,UDP
343,7.787766898390346,119.109.60.208,192.168.1.1,TCP
1345,8.323848452044693,124.223.133.188,192.168.1.1,ICMP
1188,5.694001214756198,179.29.121.182,192.168.1.1,ICMP
632,9.374814865938696,177.146.248.229,192.168.1.1,ICMP
591,7.80588905544111,62.153.169.19,192.168.1.1,TCP
513,7.716465441990169,33.133.101.69,192.168.1.1,ICMP
659,4.352010920665401,139.94.175.170,192.168.1.1,ICMP
1096,0.9108506168262317,68.4.134.31,192.168.1.1,ICMP
1324,2.650442761809734,226.20.15.18,192.168.1.1,UDP
792,3.9590751376190934,20.180.81.183,192.168.1.1,TCP
1270,7.8576656486658365,101.226.80.165,192.168.1.1,TCP
496,4.398368256272637,71.246.97.195,192.168.1.1,UDP
397,8.754991458225911,132.182.204.191,192.168.1.1,TCP
928,9.597065401464933,164.51.58.50,192.168.1.1,UDP
1298,6.615785637907208,75.24.223.226,192.168.1.1,UDP
142,5.195401152747251,203.90.134.200,192.168.1.1,UDP
895,3.804265715871884,214.38.143.145,192.168.1.1,ICMP
383,1.363483147234795,65.218.18.59,192.168.1.1,ICMP
208,4.655485469316768,199.136.55.79,192.168.1.1,ICMP
912,4.200333405767344,22.129.187.96,192.168.1.1,UDP
1219,9.980561924956838,80.161.53.39,192.168.1.1,ICMP
1341,8.163145728536664,69.134.106.22,192.168.1.1,UDP
164,4.130673246832093,4.181.52.248,192.168.1.1,ICMP
447,0.23873498053733755,219.252.213.127,192.168.1.1,UDP
233,4.094671297794829,178.126.76.67,192.168.1.1,ICMP
1400,1.9982390676800932,145.111.109.164,192.168.1.1,TCP
118,4.814846152706153,39.88.27.81,192.168.1.1,TCP
116,0.5585549133426438,217.99.49.12,192.168.1.1,UDP
737,4.605762588676436,38.183.65.143,192.168.1.1,TCP
574,0.11053306603582747,14.37.106.43,192.168.1.1,ICMP
1166,4.62897363636102,215.237.233.224,192.168.1.1,ICMP
1474,2.938296966021301,55.87.21.235,192.168.1.1,ICMP
483,9.327950955345365,255.29.16.215,192.168.1.1,TCP
538,1.98268916052907,18.253.59.173,192.168.1.1,UDP
852,6.197738908617855,112.183.19.67,192.168.1.1,ICMP
798,3.3994496834174384,169.193.124.221,192.168.1.1,TCP
770,0.7177709725577512,99.126.1.24,192.168.1.1,UDP
1347,5.355497778195163,71.190.251.74,192.168.1.1,UDP
1375,3.3410976802120897,29.153.112.184,192.168.1.1,UDP
276,4.174905617934932,177.11.20.192,192.168.1.1,ICMP
1054,0.3394129765108952,221.2.234.122,192.168.1.1,TCP
1288,1.435985334978206,134.16.66.231,192.168.1.1,TCP
1022,9.923615695835888,226.136.23.251,192.168.1.1,ICMP
1053,1.1816272342701362,179.104.137.15,192.168.1.1,ICMP
1485,0.9557530699379896,82.132.127.94,192.168.1.1,UDP
1437,3.882457325056387,116.146.242.240,192.168.1.1,ICMP
1068,9.069767982859187,228.166.14.65,192.168.1.1,TCP
1162,0.37825403028538385,218.149.240.186,192.168.1.1,ICMP
176,8.726039971399732,182.119.24.147,192.168.1.1,UDP
1192,1.6310374027268175,107.168.189.24,192.168.1.1,ICMP
879,2.587977855941952,64.232.42.111,192.168.1.1,UDP
170,4.151094087486123,96.31.48.163,192.168.1.1,TCP
1254,3.3215145907107932,43.214.222.193,192.168.1.1,TCP
868,0.7934284440622875,118.37.71.192,192.168.1.1,ICMP
476,0.3654692999754193,122.74.21.77,192.168.1.1,ICMP
962,8.738747551916251,198.12.157.67,192.168.1.1,ICMP
1478,3.780695736219538,20.48.219.38,192.168.1.1,TCP
78,1.8300784578380471,59.66.163.19,192.168.1.1,TCP
69,5.302671078584183,74.124.66.166,192.168.1.1,TCP
1264,7.881769466279242,58.117.185.184,192.168.1.1,ICMP
1496,0.3888946220517413,99.38.146.52,192.168.1.1,TCP
400,0.9120610830671453,169.58.168.223,192.168.1.1,ICMP
576,3.903184266005374,87.193.191.55,192.168.1.1,UDP
1495,7.159731519225452,78.129.172.252,192.168.1.1,ICMP
806,4.057260399128705,196.214.194.110,192.168.1.1,ICMP
466,7.271976435840925,132.196.227.146,192.168.1.1,ICMP
811,8.085049290197661,56.59.251.186,192.168.1.1,TCP
1175,2.9307472596466315,220.214.17.203,192.168.1.1,ICMP
260,3.9667354960196537,231.186.29.240,192.168.1.1,ICMP
757,8.035096665076805,15.250.133.220,192.168.1.1,UDP
1128,5.893770660119712,71.106.140.175,192.168.1.1,ICMP
918,5.109458134000088,12.210.117.171,192.168.1.1,ICMP
159,9.467228678149503,159.148.143.3,192.168.1.1,TCP
1441,7.403731256452956,255.183.181.214,192.168.1.1,TCP
1423,2.8764201637401836,239.18.46.125,192.168.1.1,ICMP
1496,4.101916889561664,10.188.84.226,192.168.1.1,TCP
1038,7.954119471828157,168.10.74.181,192.168.1.1,TCP
904,8.92339202450195,32.178.199.107,192.168.1.1,UDP
172,1.3741520573576644,8.102.212.23,192.168.1.1,TCP
1027,9.290346098024264,89.109.94.80,192.168.1.1,ICMP
1491,1.692340446959411,17.82.26.28,192.168.1.1,ICMP
699,2.4767376658312417,85.79.67.37,192.168.1.1,ICMP
1093,2.0415619051038534,3.216.214.189,192.168.1.1,ICMP
919,8.506866774252606,141.245.27.186,192.168.1.1,ICMP
585,2.757063137363658,159.194.206.195,192.168.1.1,UDP
241,0.35224813963783397,17.18.213.17,192.168.1.1,ICMP
575,4.821825326175331,206.179.203.155,192.168.1.1,TCP
599,5.723761759930044,122.178.103.25,192.168.1.1,UDP
521,8.980633721980249,13.95.82.209,192.168.1.1,TCP
559,6.445893994022211,141.254.129.85,192.168.1.1,ICMP
533,1.216102506701652,242.85.157.62,192.168.1.1,ICMP
1121,6.404438987559983,32.88.74.103,192.168.1.1,TCP
390,0.5768788962860095,186.53.35.8,192.168.1.1,ICMP
80,3.435876281092021,209.241.152.255,192.168.1.1,TCP
1057,8.048105736111411,208.162.206.30,192.168.1.1,UDP
794,4.97564325769368,141.37.95.10,192.168.1.1,TCP
551,8.735547876067628,63.30.24.74,192.168.1.1,TCP
1299,7.691943856525017,42.123.224.141,192.168.1.1,UDP
1398,5.142447785133922,56.3.98.88,192.168.1.1,UDP
115,7.508027423289466,56.152.34.97,192.168.1.1,TCP
1337,2.3938621325550042,103.209.105.215,192.168.1.1,TCP
1401,5.7761568953305895,6.140.7.13,192.168.1.1,TCP
782,7.419533672153323,175.125.1.253,192.168.1.1,ICMP
673,4.396664217996912,175.123.100.144,192.168.1.1,UDP
1335,3.7355444692528015,133.41.67.35,192.168.1.1,UDP
105,7.310204701699081,140.24.226.158,192.168.1.1,UDP
1354,5.7369055404807705,159.136.125.246,192.168.1.1,TCP
590,3.7616755544835723,212.112.18.16,192.168.1.1,TCP
252,3.435927127828877,106.181.212.179,192.168.1.1,TCP
397,2.955587198478418,139.46.35.59,192.168.1.1,ICMP
1294,7.224210245799956,36.170.174.154,192.168.1.1,TCP
410,8.59168451475039,135.105.44.134,192.168.1.1,TCP
1498,6.657811706183403,92.236.18.54,192.168.1.1,UDP
887,8.243894860536596,80.95.11.200,192.168.1.1,ICMP
735,7.465658131910865,68.248.42.36,192.168.1.1,ICMP
429,1.1964611702679213,148.175.35.172,192.168.1.1,TCP
348,7.286151505369056,45.20.121.35,192.168.1.1,TCP
966,7.655961955584774,254.58.24.99,192.168.1.1,ICMP
253,0.49723166358109594,14.199.31.111,192.168.1.1,UDP
576,8.22117025556606,196.125.123.237,192.168.1.1,ICMP
494,6.891874425109411,81.234.129.115,192.168.1.1,UDP
1221,5.757128428795846,236.241.40.36,192.168.1.1,TCP
1497,9.660586759553507,83.13.196.246,192.168.1.1,ICMP
1002,2.718880818773962,49.191.4.76,192.168.1.1,TCP
296,2.9588003897434376,111.151.160.22,192.168.1.1,TCP
964,2.99068697241471,99.213.25.151,192.168.1.1,ICMP
750,3.4642254788373186,159.145.11.189,192.168.1.1,ICMP
1381,1.0281265254175478,194.120.156.52,192.168.1.1,ICMP
260,1.0324420232078422,101.93.122.70,192.168.1.1,ICMP
312,7.545103404220761,251.49.131.66,192.168.1.1,ICMP
1300,0.21306901792971125,38.52.130.121,192.168.1.1,ICMP
1048,1.0686435081100822,238.32.240.130,192.168.1.1,UDP
1067,2.5316213046241396,113.100.186.75,192.168.1.1,ICMP
1463,8.142172697369087,211.253.81.185,192.168.1.1,ICMP
1025,0.3726356806174186,184.158.243.220,192.168.1.1,TCP
519,6.518094297903442,131.138.195.197,192.168.1.1,ICMP
870,9.236884284324374,31.193.71.211,192.168.1.1,TCP
828,3.077311205137663,8.145.81.36,192.168.1.1,UDP
604,4.107402093844283,141.133.119.145,192.168.1.1,TCP
562,6.652447936376073,90.151.193.16,192.168.1.1,ICMP
283,6.291179863779011,21.143.246.238,192.168.1.1,UDP
398,6.404780846108947,56.56.231.91,192.168.1.1,UDP
235,7.430743930960866,157.123.105.176,192.168.1.1,UDP
107,8.235328985180109,68.15.98.128,192.168.1.1,ICMP
1147,6.612095552747858,213.171.67.202,192.168.1.1,UDP
245,5.968746990692955,51.254.103.179,192.168.1.1,UDP
947,4.062948753923599,75.84.182.253,192.168.1.1,TCP
594,8.8233450673703,34.122.157.1,192.168.1.1,ICMP
914,4.610840359906714,39.126.101.96,192.168.1.1,ICMP
711,9.696566343243802,149.145.70.162,192.168.1.1,UDP
526,9.261209623085216,7.47.128.156,192.168.1.1,ICMP
794,8.48576595811445,159.73.197.11,192.168.1.1,UDP
735,7.323511741122162,160.198.185.231,192.168.1.1,UDP
1229,0.9836621010802806,207.23.121.57,192.168.1.1,TCP
421,5.11668107052028,217.195.102.126,192.168.1.1,ICMP
620,5.913257293043427,237.88.133.146,192.168.1.1,UDP
325,3.169923501470523,141.168.230.43,192.168.1.1,TCP
349,5.796568566564493,178.85.251.209,192.168.1.1,UDP
176,7.719344970655301,64.235.46.16,192.168.1.1,ICMP
719,7.555221265886888,48.223.188.42,192.168.1.1,UDP
529,8.114165118405612,158.38.210.104,192.168.1.1,TCP
359,2.70987761644205,235.132.212.76,192.168.1.1,TCP
374,3.1140704182364423,229.234.236.92,192.168.1.1,UDP
249,3.8652794865341282,150.178.141.118,192.168.1.1,TCP
1295,8.301807167244526,65.75.163.76,192.168.1.1,UDP
111,8.629949976644983,220.76.217.192,192.168.1.1,ICMP
687,8.028342534056868,150.121.57.112,192.168.1.1,TCP
808,3.401232034550739,67.253.182.87,192.168.1.1,TCP
701,2.606279043256929,151.78.102.177,192.168.1.1,TCP
630,1.069836572219577,203.217.37.52,192.168.1.1,UDP
1051,4.749546257022042,22.85.134.49,192.168.1.1,UDP
163,7.643136236612699,3.122.111.75,192.168.1.1,TCP
361,3.3612026495926015,214.181.134.187,192.168.1.1,UDP
1203,4.310247196825649,126.93.66.144,192.168.1.1,UDP
305,9.024660188964216,46.227.251.68,192.168.1.1,UDP
369,8.422841794703189,202.97.237.186,192.168.1.1,UDP
923,3.234477309473798,209.245.196.72,192.168.1.1,TCP
824,2.0466753759597363,25.34.228.97,192.168.1.1,UDP
1231,8.760262553496991,150.186.15.98,192.168.1.1,ICMP
806,9.628793912631693,237.47.41.249,192.168.1.1,ICMP
916,2.8011591638691136,185.140.186.240,192.168.1.1,UDP
1288,8.29593450195737,101.115.126.49,192.168.1.1,TCP
1332,3.0672745620439947,121.115.70.216,192.168.1.1,ICMP
1469,5.58936106245794,178.85.186.66,192.168.1.1,TCP
495,2.3190569557787355,46.186.63.155,192.168.1.1,UDP
187,1.748610647736458,102.19.220.225,192.168.1.1,ICMP
957,5.89875966415665,34.239.210.167,192.168.1.1,UDP
1418,1.7400812417480302,212.201.184.214,192.168.1.1,ICMP
749,3.3646585217669585,64.160.11.99,192.168.1.1,TCP
339,0.329403243829928,163.36.195.142,192.168.1.1,ICMP
847,5.638981964808807,147.245.208.160,192.168.1.1,UDP
1386,9.20971493176974,186.150.180.146,192.168.1.1,ICMP
993,6.441236792727392,138.47.158.189,192.168.1.1,UDP
1210,0.45943867179028086,247.209.53.55,192.168.1.1,UDP
986,4.392957090638076,137.232.183.153,192.168.1.1,TCP
219,9.660996977073967,89.15.68.242,192.168.1.1,TCP
701,6.592172981628256,64.160.17.206,192.168.1.1,UDP
311,0.2072950187235469,16.239.104.126,192.168.1.1,ICMP
256,9.460099499068892,227.139.34.9,192.168.1.1,UDP
602,9.066175844523858,181.98.58.126,192.168.1.1,ICMP
941,9.247156827807943,107.235.159.184,192.168.1.1,TCP
1413,2.8576919969363836,95.247.55.59,192.168.1.1,TCP
1315,1.2076218988405398,191.185.6.90,192.168.1.1,TCP
426,7.814913376008138,58.101.101.78,192.168.1.1,UDP
551,4.407722060889783,249.147.109.137,192.168.1.1,ICMP
900,5.5157067461119516,226.112.15.155,192.168.1.1,UDP
525,3.53757279013599,248.208.10.60,192.168.1.1,TCP
594,3.459625525164607,20.238.152.158,192.168.1.1,ICMP
1467,8.57243543012692,58.247.122.47,192.168.1.1,UDP
1378,8.68711155868475,220.136.102.156,192.168.1.1,ICMP
1197,0.6217457780782373,39.82.169.181,192.168.1.1,UDP
1069,9.814154245123378,250.7.172.28,192.168.1.1,TCP
492,7.863648611912959,25.29.212.48,192.168.1.1,TCP
538,6.829480135348415,33.46.239.82,192.168.1.1,TCP
211,8.445542734885665,214.86.92.138,192.168.1.1,TCP
1177,0.8552831088746581,210.148.16.218,192.168.1.1,UDP
516,2.507260212574548,128.146.93.58,192.168.1.1,ICMP
253,0.22322861030032073,177.252.203.117,192.168.1.1,UDP
1042,6.037548691256546,20.182.73.72,192.168.1.1,ICMP
647,2.226601861956934,193.120.237.89,192.168.1.1,UDP
1016,8.960999978098236,157.186.35.139,192.168.1.1,TCP
581,9.349049854300507,88.44.203.29,192.168.1.1,ICMP
1323,9.577491825938193,69.219.246.66,192.168.1.1,UDP
66,5.393807112390056,110.38.17.157,192.168.1.1,UDP
888,3.367385183467759,51.62.200.151,192.168.1.1,ICMP
734,8.224777441018945,14.143.45.204,192.168.1.1,UDP
390,1.21214199714651,139.165.109.24,192.168.1.1,TCP
522,6.7516913313883125,184.147.68.118,192.168.1.1,UDP
332,5.339842536242954,142.115.98.205,192.168.1.1,ICMP
1024,8.607501745266127,112.57.241.209,192.168.1.1,TCP
1274,6.183404662098196,243.138.235.109,192.168.1.1,ICMP
225,2.220631900896685,55.31.39.98,192.168.1.1,TCP
310,5.565947394756991,226.75.232.175,192.168.1.1,TCP
1368,2.2541933387611497,164.178.194.242,192.168.1.1,TCP
284,8.477124792059934,130.13.163.117,192.168.1.1,UDP
644,2.928482218937666,252.156.188.125,192.168.1.1,ICMP
640,3.8052578031008104,183.216.1.190,192.168.1.1,ICMP
279,9.147735322901749,149.64.245.138,192.168.1.1,TCP
691,0.4014844075080134,6.229.215.34,192.168.1.1,TCP
324,7.998990051124328,162.191.210.212,192.168.1.1,TCP
885,4.145790810140281,254.128.172.150,192.168.1.1,ICMP
561,9.146903605301565,30.141.213.242,192.168.1.1,ICMP
104,9.03431724408069,240.166.254.212,192.168.1.1,UDP
1186,9.809950814172105,96.68.136.31,192.168.1.1,UDP
1433,6.097576337484241,211.147.159.199,192.168.1.1,UDP
1463,4.007314759586772,219.246.133.228,192.168.1.1,TCP
724,0.33394570042326643,130.198.5.196,192.168.1.1,UDP
481,2.5415428395074344,246.253.125.103,192.168.1.1,TCP
799,9.427141000620248,95.137.175.157,192.168.1.1,ICMP
609,7.018283556322527,91.53.167.96,192.168.1.1,TCP
395,8.864611523347298,86.71.82.91,192.168.1.1,ICMP
1388,7.0804069550641495,127.56.202.32,192.168.1.1,UDP
1030,4.268633943315093,228.27.26.168,192.168.1.1,TCP
1087,0.12626606914716382,242.63.108.79,192.168.1.1,UDP
492,5.136558340828073,108.222.212.35,192.168.1.1,TCP
1269,5.60664087213565,111.241.89.158,192.168.1.1,ICMP
670,9.969814275851487,83.43.120.142,192.168.1.1,TCP
839,0.2566854748041485,241.67.80.72,192.168.1.1,UDP
688,4.279186398360969,17.222.28.115,192.168.1.1,TCP
892,0.8887985406125868,121.112.22.215,192.168.1.1,UDP
1172,6.776967793308708,13.109.4.131,192.168.1.1,ICMP
309,6.96985416060708,27.240.235.230,192.168.1.1,ICMP
1120,5.471991013552741,161.164.116.148,192.168.1.1,ICMP
1299,3.8449640485758247,251.197.6.105,192.168.1.1,TCP
204,0.9915692047925299,57.38.149.222,192.168.1.1,ICMP
292,0.9118562479019914,182.3.190.103,192.168.1.1,TCP
712,0.9677470748915966,203.159.169.228,192.168.1.1,TCP
284,3.136546011930838,217.79.136.214,192.168.1.1,ICMP
788,0.5678935383549667,43.191.181.170,192.168.1.1,ICMP
824,2.665374442558437,99.16.165.230,192.168.1.1,TCP
843,4.512535388744833,188.119.149.33,192.168.1.1,UDP
471,4.571383407346895,5.108.20.83,192.168.1.1,UDP
427,1.4790792693425294,242.23.4.161,192.168.1.1,ICMP
194,7.870476211704213,153.164.55.143,192.168.1.1,ICMP
1181,2.0772748676978976,32.141.173.3,192.168.1.1,TCP
1074,0.5666971614705782,127.99.218.27,192.168.1.1,TCP
731,5.643407983093135,47.46.181.243,192.168.1.1,UDP
853,9.50344173890851,242.166.146.63,192.168.1.1,TCP
1210,5.462389741681424,52.170.84.42,192.168.1.1,ICMP
899,3.377781735259265,67.145.234.180,192.168.1.1,TCP
938,7.688133926577757,41.35.66.105,192.168.1.1,ICMP
781,1.3635522018429287,240.127.91.234,192.168.1.1,TCP
372,0.46104095229503983,82.54.196.5,192.168.1.1,TCP
384,2.226073848223362,169.208.214.102,192.168.1.1,ICMP
1199,9.528878815327054,124.29.16.65,192.168.1.1,ICMP
881,8.082105940158092,200.11.146.174,192.168.1.1,UDP
154,8.637236139632945,111.51.247.89,192.168.1.1,ICMP
449,4.286794619849099,3.58.121.252,192.168.1.1,TCP
655,0.27740903369101766,69.232.46.186,192.168.1.1,TCP
407,6.314624562785031,173.114.81.228,192.168.1.1,TCP
1487,7.296604393668459,221.146.1.136,192.168.1.1,UDP
653,7.116146322595449,228.248.108.163,192.168.1.1,TCP
1110,6.655122338704542,197.57.73.171,192.168.1.1,UDP
73,1.96926521106458,127.4.145.152,192.168.1.1,TCP
1034,2.1526920969053793,16.121.170.120,192.168.1.1,TCP
1003,4.664745125368107,202.130.15.223,192.168.1.1,UDP
381,4.424247271864082,6.43.163.36,192.168.1.1,ICMP
1351,2.211170253590125,5.52.47.226,192.168.1.1,TCP
1285,2.438613884890697,226.65.232.91,192.168.1.1,UDP
292,4.706142659315475,251.234.102.2,192.168.1.1,TCP
613,3.6860088420207604,136.207.62.116,192.168.1.1,UDP
1385,8.628171954658198,209.180.224.249,192.168.1.1,UDP
549,8.304457483353147,146.31.20.112,192.168.1.1,ICMP
116,6.52514599949462,228.89.77.244,192.168.1.1,ICMP
396,4.1988150943217075,72.20.49.238,192.168.1.1,ICMP
913,4.728494092942378,58.8.116.222,192.168.1.1,ICMP
1233,8.96071481219142,75.121.250.68,192.168.1.1,UDP
77,9.822577869078646,90.189.170.4,192.168.1.1,UDP
83,5.64827926998159,27.131.67.207,192.168.1.1,TCP
1364,4.127432288761613,108.202.39.170,192.168.1.1,TCP
268,2.4550124009812406,251.164.151.2,192.168.1.1,UDP
1420,5.606406200046253,183.143.183.116,192.168.1.1,TCP
772,7.459054480043631,53.112.50.234,192.168.1.1,ICMP
1408,6.5014945551509875,150.26.20.109,192.168.1.1,UDP
1302,4.318393388733279,9.174.137.95,192.168.1.1,UDP
712,3.1321570922603326,142.70.233.190,192.168.1.1,ICMP
238,6.461330199209112,155.245.102.235,192.168.1.1,TCP
1010,8.907587682384351,110.162.36.89,192.168.1.1,UDP
1124,5.751525680936154,5.112.231.29,192.168.1.1,TCP
260,7.823343120085656,160.74.210.3,192.168.1.1,ICMP
1307,6.7034013450119,177.40.97.238,192.168.1.1,UDP
272,8.024066499430022,93.214.26.64,192.168.1.1,TCP
1472,1.6751020796180591,240.219.222.81,192.168.1.1,ICMP
1338,2.315624741224083,113.143.124.10,192.168.1.1,UDP
822,9.907305001552357,84.244.251.15,192.168.1.1,TCP
1400,1.1478364285470084,83.15.36.201,192.168.1.1,TCP
383,9.708310606273933,159.170.72.152,192.168.1.1,TCP
567,2.337175115562381,184.84.39.133,192.168.1.1,ICMP
1009,9.47799403466541,106.61.146.180,192.168.1.1,ICMP
303,7.59208860885357,70.186.122.96,192.168.1.1,ICMP
829,0.7383508984783563,23.57.207.220,192.168.1.1,UDP
381,9.445629272182808,143.160.37.73,192.168.1.1,TCP
81,5.004106391698624,117.94.68.94,192.168.1.1,UDP
883,0.31938090883107273,70.79.92.116,192.168.1.1,UDP
1110,8.906792859263133,118.60.172.205,192.168.1.1,TCP
1449,5.447908412365865,252.114.223.118,192.168.1.1,UDP
487,0.9728025321648305,65.239.161.218,192.168.1.1,ICMP
910,2.1002116437270195,191.9.10.167,192.168.1.1,ICMP
848,7.193005953090709,59.26.216.23,192.168.1.1,UDP
930,2.1409027516516757,77.103.180.157,192.168.1.1,ICMP
329,6.655761650156169,76.27.23.53,192.168.1.1,UDP
1370,8.295207751075926,119.44.215.101,192.168.1.1,TCP
633,0.4823516533013551,24.39.240.245,192.168.1.1,UDP
306,7.9036102079734345,32.126.242.156,192.168.1.1,UDP
352,6.475063154572509,56.134.251.162,192.168.1.1,TCP
125,0.18234894958151254,14.155.63.152,192.168.1.1,UDP
260,0.6877002710525318,193.181.244.154,192.168.1.1,ICMP
1457,7.405211493581537,135.113.80.30,192.168.1.1,UDP
450,3.935688899671916,149.158.61.247,192.168.1.1,UDP
404,4.090619462215498,17.76.208.132,192.168.1.1,ICMP
891,6.098960453951349,2.119.237.112,192.168.1.1,UDP
817,0.7635111621248386,155.172.209.115,192.168.1.1,UDP
1365,6.537486608271276,121.41.173.33,192.168.1.1,UDP
1043,0.2720598656538813,180.1.153.241,192.168.1.1,TCP
200,8.234435904144782,74.188.174.240,192.168.1.1,TCP
1229,0.16128385936933282,182.185.13.189,192.168.1.1,UDP
370,5.617848314385779,84.105.91.87,192.168.1.1,UDP
486,7.301966757617042,149.182.221.179,192.168.1.1,TCP
793,3.1163815105303816,31.40.17.84,192.168.1.1,UDP
882,3.138911950791984,17.229.155.103,192.168.1.1,ICMP
373,0.7064446221323217,115.89.225.26,192.168.1.1,ICMP
565,3.953939760232712,178.228.126.249,192.168.1.1,UDP
927,1.1834547304251986,6.154.186.39,192.168.1.1,ICMP
150,3.9380575738566943,202.24.148.66,192.168.1.1,UDP
1226,8.978705507637848,48.104.200.60,192.168.1.1,TCP
1499,9.831029331380652,99.222.15.213,192.168.1.1,ICMP
865,4.637820913953923,151.20.32.52,192.168.1.1,ICMP
774,0.9918915859699089,245.32.243.4,192.168.1.1,ICMP
765,7.379909480777949,133.112.79.219,192.168.1.1,ICMP
785,4.939150796822765,147.196.89.132,192.168.1.1,UDP
1328,9.175209580858066,28.95.67.189,192.168.1.1,TCP
1351,3.9389556364946468,204.168.180.72,192.168.1.1,TCP
1200,8.45748735980609,237.26.99.154,192.168.1.1,ICMP
1160,9.920975978071526,8.160.221.242,192.168.1.1,UDP
919,3.306528736079877,96.128.102.125,192.168.1.1,UDP
1094,8.373055612088992,184.255.227.121,192.168.1.1,TCP
885,1.031188528221724,24.69.171.121,192.168.1.1,TCP
717,5.2735012234378065,188.201.249.200,192.168.1.1,TCP
387,9.052085066650474,61.53.92.91,192.168.1.1,UDP
666,4.174481121787665,145.34.241.81,192.168.1.1,ICMP
822,7.838237552074343,199.147.23.190,192.168.1.1,ICMP
281,6.743558542646302,21.19.196.66,192.168.1.1,ICMP
981,7.528003549914459,214.45.161.165,192.168.1.1,ICMP
1204,3.375054732919136,113.171.96.61,192.168.1.1,TCP
99,9.669231796217597,59.132.222.182,192.168.1.1,TCP
176,9.96578091147928,65.238.77.183,192.168.1.1,UDP
331,8.171766748145457,120.243.229.85,192.168.1.1,ICMP
1200,1.0355041749325475,31.75.169.142,192.168.1.1,UDP
572,9.609921267975471,110.32.201.63,192.168.1.1,ICMP
1465,0.7297173384766693,170.110.108.174,192.168.1.1,TCP
306,8.624064340520079,230.47.153.235,192.168.1.1,UDP
1092,4.659278478050426,133.25.250.202,192.168.1.1,ICMP
939,2.11901505833491,49.79.196.253,192.168.1.1,UDP
1191,7.228603469569173,10.185.136.63,192.168.1.1,UDP
1451,2.3544302524592933,154.28.205.69,192.168.1.1,UDP
725,5.7918692812201185,181.59.140.252,192.168.1.1,UDP
1020,8.987864161241923,168.193.62.37,192.168.1.1,ICMP
619,5.478676381246883,63.212.179.203,192.168.1.1,TCP
1389,6.730231471807254,160.169.95.93,192.168.1.1,UDP
107,2.422432777204732,158.84.132.111,192.168.1.1,UDP
854,8.557797429012025,248.167.195.163,192.168.1.1,TCP
247,6.480213580608763,214.129.190.20,192.168.1.1,ICMP
1260,7.520935362139678,180.255.200.180,192.168.1.1,TCP
1446,5.569565083435904,137.165.69.126,192.168.1.1,TCP
810,7.663952488693036,252.82.180.209,192.168.1.1,TCP
724,9.500212047008304,156.14.71.39,192.168.1.1,UDP
341,1.5913612423212893,108.157.209.118,192.168.1.1,TCP
1117,8.179455420478451,24.5.192.55,192.168.1.1,UDP
1317,9.392303345945443,189.167.78.207,192.168.1.1,ICMP
1043,8.350490125092412,52.7.33.84,192.168.1.1,TCP
491,8.672224902084542,136.25.131.36,192.168.1.1,TCP
825,8.19423540095198,108.22.49.98,192.168.1.1,UDP
790,0.47143841681653365,177.71.123.17,192.168.1.1,TCP
1404,5.001552347426341,6.205.63.155,192.168.1.1,ICMP
233,8.172680203235927,107.171.247.52,192.168.1.1,UDP
840,5.429046838903853,150.188.143.217,192.168.1.1,TCP
189,8.747044207955115,144.165.233.19,192.168.1.1,UDP
329,8.721299617507805,141.36.219.65,192.168.1.1,TCP
1351,4.337201507232075,6.125.179.236,192.168.1.1,TCP
1135,9.458440305510093,136.102.18.37,192.168.1.1,UDP
981,2.6873568236044747,1.47.173.94,192.168.1.1,UDP
1491,8.130651727967013,167.227.99.71,192.168.1.1,UDP
968,1.0565608083473523,188.9.5.185,192.168.1.1,ICMP
1426,2.731405478623602,220.131.79.47,192.168.1.1,ICMP
1392,1.4937652507714976,226.211.111.54,192.168.1.1,ICMP
307,4.735637101040388,93.39.157.217,192.168.1.1,ICMP
290,4.722778397391622,156.155.158.190,192.168.1.1,TCP
906,0.5349734734292366,235.173.46.247,192.168.1.1,ICMP
1014,3.8633097649067203,97.23.238.39,192.168.1.1,ICMP
913,7.750214608684922,221.44.160.89,192.168.1.1,ICMP
1434,3.4621114344826656,133.115.209.144,192.168.1.1,TCP
850,2.2015442263050273,23.191.13.51,192.168.1.1,UDP
721,8.096446397791162,207.19.190.4,192.168.1.1,ICMP
79,2.532062878910822,141.198.139.249,192.168.1.1,TCP
1393,9.084892937419367,1.147.142.252,192.168.1.1,TCP
1210,2.3627476027879326,198.176.233.162,192.168.1.1,UDP
127,9.880391164161644,207.76.51.106,192.168.1.1,UDP
1260,4.257261330741948,188.251.211.56,192.168.1.1,ICMP
1144,4.177241678071947,168.79.79.167,192.168.1.1,UDP
466,5.790544365743195,80.201.192.40,192.168.1.1,UDP
1178,0.25900612507668996,101.12.238.15,192.168.1.1,TCP
459,7.206323800563669,249.104.39.77,192.168.1.1,UDP
465,6.884180972791793,1.171.55.156,192.168.1.1,UDP
1202,9.17000662763484,240.188.218.140,192.168.1.1,TCP
1467,3.00947539453824,107.100.195.156,192.168.1.1,TCP
273,8.105872499238169,175.108.180.50,192.168.1.1,UDP
286,6.090905298534388,202.81.3.222,192.168.1.1,TCP
767,2.710936075273044,39.81.243.16,192.168.1.1,UDP
1120,7.64156234685972,107.29.58.189,192.168.1.1,ICMP
999,6.608585323560829,242.85.87.182,192.168.1.1,ICMP
1252,3.062068180759712,177.15.198.72,192.168.1.1,UDP
561,5.7596390731231155,20.140.134.13,192.168.1.1,TCP
693,8.526714596159085,233.94.125.108,192.168.1.1,TCP
1210,0.9683561218811356,93.207.128.125,192.168.1.1,UDP
713,2.261620796306717,68.186.217.125,192.168.1.1,ICMP
172,6.0754448770997636,173.162.9.35,192.168.1.1,UDP
1162,9.48474755365314,158.136.177.23,192.168.1.1,UDP
916,6.971721244426495,84.28.244.92,192.168.1.1,TCP
667,9.969087673928309,233.41.234.82,192.168.1.1,TCP
814,1.3842566850245692,81.229.152.223,192.168.1.1,TCP
248,8.878931828436407,231.202.52.183,192.168.1.1,ICMP
752,6.659004365355922,114.4.224.244,192.168.1.1,ICMP
920,1.245595160499421,250.191.217.244,192.168.1.1,UDP
1379,3.2586215545900177,169.161.105.49,192.168.1.1,UDP
577,3.816462408834497,151.119.198.194,192.168.1.1,TCP
516,8.41634482271123,133.191.50.80,192.168.1.1,TCP
1407,5.456735495746895,224.167.188.233,192.168.1.1,ICMP
210,2.468193792399719,86.99.115.171,192.168.1.1,UDP
769,7.91950639723894,212.73.245.163,192.168.1.1,TCP
1370,0.3379572531298234,103.15.5.246,192.168.1.1,UDP
1344,1.964118060010212,1.236.135.91,192.168.1.1,ICMP
295,1.8576394762908983,158.107.61.13,192.168.1.1,TCP
1410,9.493828572703938,61.195.152.123,192.168.1.1,ICMP
1189,3.624622697213911,101.92.62.33,192.168.1.1,UDP
1065,1.2320011042468364,227.62.233.236,192.168.1.1,TCP
346,1.2879905991197411,34.169.252.202,192.168.1.1,ICMP
1155,5.367168280521815,221.81.54.147,192.168.1.1,ICMP
283,4.049249925479197,168.65.47.130,192.168.1.1,TCP
457,7.61835233612844,143.101.211.201,192.168.1.1,ICMP
438,1.8355870786550517,244.164.186.100,192.168.1.1,ICMP
1189,2.2701921817118698,199.125.210.127,192.168.1.1,ICMP
528,2.1153343928832395,236.114.195.255,192.168.1.1,TCP
889,1.6212718238873,239.248.198.226,192.168.1.1,UDP
1299,0.9056044892784801,63.204.182.187,192.168.1.1,ICMP
406,2.18798982545906,124.76.127.122,192.168.1.1,ICMP
787,7.57043437571194,90.73.8.228,192.168.1.1,UDP
1473,5.2162339978598675,116.163.189.229,192.168.1.1,ICMP
720,1.126950420989967,118.40.75.101,192.168.1.1,UDP
1127,3.6433258953187955,19.175.248.165,192.168.1.1,TCP
447,7.078000181437049,117.9.178.55,192.168.1.1,ICMP
615,9.043987652068088,176.1.184.50,192.168.1.1,UDP
538,7.271433073641658,210.180.165.45,192.168.1.1,UDP
1060,6.498508341579358,103.175.96.125,192.168.1.1,ICMP
161,3.573870679369937,32.41.29.84,192.168.1.1,TCP
1413,5.451026541800769,82.167.203.27,192.168.1.1,TCP
829,9.598269846071904,191.101.178.204,192.168.1.1,TCP
865,4.403449237908122,59.168.144.23,192.168.1.1,TCP
1232,4.3478993150404595,42.22.81.159,192.168.1.1,UDP
908,0.689466052269001,96.4.220.25,192.168.1.1,ICMP
1193,4.604192402563786,136.111.80.23,192.168.1.1,ICMP
397,7.9685823723548825,86.197.90.8,192.168.1.1,TCP
1298,5.453229579027874,22.199.253.7,192.168.1.1,UDP
307,7.832735686578169,220.194.79.50,192.168.1.1,ICMP
1322,7.099679396252692,197.97.28.141,192.168.1.1,UDP
364,1.4551839315140034,13.68.210.136,192.168.1.1,UDP
1392,4.882624408674051,98.106.13.125,192.168.1.1,UDP
917,2.3986721195815472,153.71.172.224,192.168.1.1,ICMP
149,4.973558683252518,150.189.152.168,192.168.1.1,UDP
984,3.4041903081860263,72.29.99.214,192.168.1.1,ICMP
276,6.6607021195165945,19.175.193.178,192.168.1.1,TCP
933,7.399104807959503,101.55.85.172,192.168.1.1,TCP
340,1.0461761136259258,109.179.160.235,192.168.1.1,ICMP
629,7.640878490004262,51.139.16.184,192.168.1.1,UDP
1288,2.1906408904591053,244.238.254.241,192.168.1.1,TCP
722,4.201580213643287,119.220.98.97,192.168.1.1,ICMP
1074,5.699658908876991,221.244.156.181,192.168.1.1,TCP
1262,9.988235405565657,210.103.136.37,192.168.1.1,UDP
864,9.727073375156463,101.193.86.103,192.168.1.1,TCP
366,7.501615007973875,39.254.233.218,192.168.1.1,UDP
502,8.943030820646385,207.76.59.221,192.168.1.1,TCP
790,0.8565980081725894,82.224.117.211,192.168.1.1,ICMP
496,3.6050056156948664,199.166.21.103,192.168.1.1,TCP
580,8.202065218569588,152.147.60.204,192.168.1.1,ICMP
107,6.08829286194886,139.79.55.40,192.168.1.1,TCP
181,8.330474023217585,179.143.96.193,192.168.1.1,ICMP
239,3.7562864494104153,145.13.65.21,192.168.1.1,ICMP
